,Price(USD)
0,
1,6.659999999999997
2,-6.659999999999997
3,-18.30000000000001
4,-13.569999999999993
5,-12.420000000000002
6,20.239999999999995
7,5.540000000000006
8,1.539999999999992
9,-11.929999999999993
10,6.239999999999995
11,0.35999999999999943
12,5.780000000000001
13,-5.769999999999996
14,1.7029999999999887
15,2.467000000000013
16,-2.680000000000007
17,-0.3439999999999941
18,1.343999999999994
19,7.599999999999994
20,0.7800000000000011
21,-3.3789999999999907
22,2.0789999999999935
23,0.3200000000000074
24,0.09999999999999432
25,2.7480000000000047
26,5.951999999999984
27,-0.9299999999999784
28,3.829999999999984
29,-5.614999999999981
30,0.1939999999999884
31,2.9509999999999934
32,-4.728999999999999
33,0.5790000000000077
34,1.1099999999999994
35,-7.790000000000006
36,-0.14000000000000057
37,0.1490000000000009
38,0.40500000000000114
39,-2.7139999999999986
40,-8.909999999999997
41,-1.6890000000000072
42,-8.651299999999992
43,6.240299999999991
44,2.910000000000011
45,-0.5
46,-5.631
47,-4.3700000000000045
48,1.590999999999994
49,0.4300000000000068
50,1.5799999999999983
51,4.549999999999997
52,1.3500000000000085
53,3.009999999999991
54,-1.894999999999996
55,-1.7650000000000006
56,0.75
57,-5.557000000000002
58,1.2480000000000047
59,-0.30100000000000193
60,-3.730000000000004
61,-6.32889999999999
62,2.0574999999999903
63,2.115400000000008
64,-8.015
65,1.3079999999999927
66,-11.997
67,-0.3199999999999932
68,-10.671000000000006
69,0.27410000000000423
70,9.418899999999994
71,-1.1105000000000018
72,0.6085000000000065
73,8.75
74,8.054000000000002
75,-5.741799999999998
76,7.517799999999994
77,-1.5799999999999983
78,3.301000000000002
79,1.678600000000003
80,-1.1796000000000078
81,-9.013099999999994
82,2.7851
83,-2.2920000000000016
84,1.0871999999999957
85,1.3352000000000004
86,2.8782000000000068
87,-0.05559999999999832
88,2.424899999999994
89,-2.819900000000004
90,-0.125
91,4.570900000000009
92,2.9240999999999957
93,8.840000000000003
94,-4.109999999999999
95,-4.6200000000000045
96,2.0900000000000034
97,1.1599999999999966
98,1.7000000000000028
99,-0.7190000000000083
100,0.909000000000006
101,-5.078000000000003
102,1.7280000000000086
103,-0.6900000000000119
104,1.0600000000000023
105,1.4100000000000108
106,0.887999999999991
107,5.552999999999997
108,0.24900000000000944
109,-2.003
110,2.8729999999999905
111,1.6600000000000108
112,4.381999999999991
113,1.7180000000000035
114,1.0100000000000051
115,0.9889999999999901
116,-2.4989999999999952
117,0.4399999999999977
118,1.5600000000000023
119,0.04000000000000625
120,3.6299999999999955
121,-2.6500000000000057
122,0.4200000000000017
123,5.759999999999991
124,8.560000000000002
125,0.4099999999999966
126,-1.0
127,0.3400000000000034
128,-2.299999999999983
129,-5.25
130,-3.8300000000000125
131,-2.3999999999999915
132,-1.960000000000008
133,4.63000000000001
134,1.3799999999999955
135,3.8700000000000045
136,2.569999999999993
137,0.8300000000000125
138,-3.660000000000025
139,-1.4399999999999977
140,1.5300000000000011
141,-0.1699999999999875
142,0.75
143,-1.8300000000000125
144,-1.6599999999999966
145,-1.789999999999992
146,1.5900000000000034
147,-1.6400000000000006
148,-0.6400000000000006
149,1.8999999999999915
150,0.030000000000015348
151,3.819999999999993
152,2.0900000000000034
153,6.349999999999994
154,-8.629999999999995
155,0.9000000000000057
156,-0.5100000000000193
157,-8.969999999999999
158,5.189999999999998
159,1.3100000000000023
160,-2.009999999999991
161,0.8199999999999932
162,-2.6599999999999966
163,5.180000000000007
164,-1.2199999999999989
165,0.5900000000000034
166,5.079999999999984
167,0.12999999999999545
168,5.0
169,3.4099999999999966
170,-0.2799999999999727
171,2.539999999999992
172,5.189999999999998
173,19.169999999999987
174,1.5
175,9.400000000000006
176,12.039999999999992
177,13.330000000000013
178,-7.97999999999999
179,-26.32000000000002
180,6.480000000000018
181,10.870000000000005
182,8.719999999999999
183,5.839999999999975
184,-0.18999999999999773
185,-0.3199999999999932
186,1.3799999999999955
187,1.6299999999999955
188,5.560000000000002
189,13.830000000000013
190,4.349999999999994
191,30.220000000000027
192,34.77999999999997
193,36.389999999999986
194,25.980000000000018
195,-45.0
196,27.55000000000001
197,14.930000000000007
198,48.69
199,4.669999999999959
200,15.32000000000005
201,13.25
202,50.94999999999999
203,92.50999999999999
204,33.52999999999997
205,-49.059999999999945
206,109.71999999999991
207,56.09000000000003
208,88.15999999999997
209,-54.879999999999995
210,28.6400000000001
211,39.8599999999999
212,81.20000000000005
213,64.95000000000005
214,122.74999999999989
215,25.62000000000012
216,-94.05999999999995
217,-59.36000000000013
218,104.61000000000013
219,42.83999999999992
220,-132.44000000000005
221,30.620000000000005
222,-207.67999999999995
223,-68.87
224,154.77999999999997
225,29.889999999999986
226,-40.69999999999993
227,-8.910000000000082
228,19.100000000000023
229,-30.279999999999973
230,-12.370000000000005
231,-65.47000000000003
232,-97.5
233,-132.28999999999996
234,118.48000000000002
235,16.409999999999968
236,-98.13
237,54.14999999999998
238,-4.519999999999982
239,14.190000000000055
240,8.799999999999955
241,65.85000000000002
242,-0.32000000000005
243,4.539999999999964
244,-12.339999999999918
245,34.049999999999955
246,-5.360000000000014
247,12.580000000000041
248,4.789999999999964
249,52.940000000000055
250,23.66999999999996
251,70.26999999999998
252,16.970000000000027
253,-109.88
254,11.82000000000005
255,14.969999999999914
256,10.009999999999991
257,42.42000000000007
258,-38.26999999999998
259,-26.49000000000001
260,-2.910000000000082
261,22.3900000000001
262,-22.460000000000036
263,-25.08000000000004
264,27.100000000000023
265,-1.830000000000041
266,30.980000000000018
267,0.42000000000007276
268,-4.540000000000077
269,-18.059999999999945
270,-38.64999999999998
271,-3.9300000000000637
272,49.120000000000005
273,38.35000000000002
274,-114.86000000000001
275,39.85000000000002
276,0.31999999999993634
277,0.7599999999999909
278,14.590000000000032
279,3.8899999999999864
280,-23.029999999999973
281,18.980000000000018
282,-1.4400000000000546
283,-25.839999999999918
284,-83.75999999999999
285,-19.710000000000036
286,-29.539999999999964
287,17.579999999999927
288,8.110000000000014
289,-42.5
290,-3.3500000000000227
291,-28.339999999999918
292,20.529999999999973
293,-30.25
294,31.289999999999964
295,-20.129999999999995
296,-4.019999999999982
297,-27.100000000000023
298,-11.139999999999986
299,-11.690000000000055
300,51.91000000000008
301,-50.58000000000004
302,-83.07999999999998
303,77.94
304,19.029999999999973
305,-19.079999999999927
306,-7.090000000000032
307,1.240000000000009
308,24.43999999999994
309,89.21000000000004
310,-16.75999999999999
311,-3.6900000000000546
312,-36.92999999999995
313,-7.25
314,25.799999999999955
315,-15.0
316,3.060000000000059
317,13.840000000000032
318,0.9599999999999227
319,-9.360000000000014
320,8.400000000000091
321,-8.520000000000095
322,-5.844999999999914
323,-11.083000000000084
324,-1.98599999999999
325,-18.565999999999917
326,-9.767000000000053
327,-21.08299999999997
328,6.558999999999969
329,3.63900000000001
330,11.131999999999948
331,1.8920000000000528
332,-16.80200000000002
333,-63.978999999999985
334,-1.3589999999999804
335,-32.36400000000003
336,-12.538999999999987
337,21.31729999999999
338,-41.2013
339,9.567200000000014
340,1.7970000000000255
341,15.946699999999964
342,-4.123099999999965
343,-2.9108000000000516
344,-7.328199999999981
345,-10.265499999999975
346,-79.35759999999999
347,59.215599999999995
348,0.6037000000000035
349,-5.710500000000025
350,42.68430000000001
351,62.489499999999964
352,9.03920000000005
353,-34.762500000000045
354,-16.168799999999976
355,23.320299999999975
356,-4.233799999999974
357,-4.644400000000019
358,-7.819999999999993
359,2.671699999999987
360,6.748300000000029
361,-35.46660000000003
362,-5.006699999999967
363,-15.8784
364,-1.0015999999999963
365,6.349999999999966
366,1.7268000000000256
367,10.094499999999982
368,-11.617899999999963
369,-9.44010000000003
370,-0.09010000000000673
371,-4.8670999999999935
372,-2.3127000000000066
373,12.536600000000021
374,-1.9367000000000303
375,10.129999999999995
376,5.011700000000019
377,-16.2217
378,2.9067000000000007
379,-1.884999999999991
380,6.941699999999969
381,0.0033000000000242835
382,0.9150000000000205
383,0.6882999999999697
384,-1.6399999999999864
385,-0.3432999999999993
386,39.54669999999999
387,5.355000000000018
388,33.836599999999976
389,1.866700000000037
390,-1.366700000000037
391,46.26840000000004
392,10.245000000000005
393,-10.14670000000001
394,2.078300000000013
395,-6.293300000000045
396,55.88670000000002
397,-0.6467000000000098
398,19.661699999999996
399,16.248299999999972
400,10.958300000000008
401,-26.184999999999945
402,16.91669999999999
403,-9.470000000000027
404,3.078300000000013
405,-1.8100000000000591
406,-5.9932999999999765
407,5.151700000000005
408,-19.019999999999982
409,-62.86170000000004
410,27.508300000000077
411,-24.680000000000064
412,13.4067
413,9.110000000000014
414,14.638300000000072
415,-2.9682999999999993
416,-10.801699999999869
417,-3.3333000000002357
418,1.2017000000000735
419,3.7799999999999727
420,-8.88840000000016
421,-3.7332999999999856
422,-20.94329999999991
423,18.11500000000001
424,18.65000000000009
425,-3.3649999999998954
426,3.616599999999835
427,39.2666999999999
428,6.180000000000177
429,4.172500000000127
430,-7.823699999999917
431,-13.155000000000314
432,0.45249999999998636
433,3.4212000000001126
434,-11.507499999999823
435,0.552499999999327
436,0.11250000000040927
437,-5.0324999999998
438,15.707499999999982
439,2.8039951679739943
440,-6.176672348638704
441,-9.257296312856624
442,0.7474734935210563
443,-4.805000000000177
444,8.7475000000004
445,4.1238000000001875
446,-0.8425000000002001
447,-5.662500000000136
448,-0.6049999999997908
449,-0.9025000000002592
450,-1.0637999999997874
451,-18.13370000000009
452,0.2875000000001364
453,-6.321300000000065
454,-3.3962000000001353
455,-5.100000000000136
456,-3.564999999999827
457,-20.922500000000127
458,22.39080574319007
459,10.683421652177003
460,-5.634828234225779
461,-2.657505084441709
462,0.795491834697259
463,-3.9500591464205854
464,0.906373235023807
465,3.8781590188054906
466,3.7041112057137298
467,-2.79941424094352
468,0.39262657059998674
469,-15.094182554175632
470,-6.003951779179147
471,-23.734848220820936
472,-39.95870000000008
473,-11.424301717170351
474,28.761801717170613
475,-26.2650000000001
476,-34.89499999999987
477,24.268699999999797
478,30.031300000000158
479,1.4186999999999443
480,0.22130000000004202
481,-19.257499999999936
482,11.544999999999902
483,-7.7275000000000205
484,10.252499999999884
485,-0.19249999999988177
486,-3.5312999999999306
487,1.1812999999999079
488,-6.566299999999899
489,-21.503700000000208
490,-4.206299999999658
491,-1.1262000000002104
492,0.03250000000008413
493,14.821200000000033
494,-9.305000000000007
495,2.1162999999998533
496,-1.7562999999999533
497,-9.477499999999907
498,0.6287999999998988
499,5.360000000000014
500,-0.7362999999999147
501,-2.690000000000225
502,2.3138000000001284
503,-1.2062999999999988
504,-1.7637000000000285
505,-10.438800000000015
506,-7.968699999999899
507,-31.058800000000076
508,-30.302500000000123
509,15.240000000000123
510,-11.882499999999993
511,1.6913000000000693
512,35.43999999999983
513,-12.831299999999885
514,-12.942499999999995
515,-5.097500000000025
516,-4.872500000000116
517,-22.018699999999967
518,-2.8999999999999204
519,14.262499999999932
520,-6.456299999999999
521,-9.053699999999935
522,-15.651300000000106
523,-28.308699999999874
524,-2.7713000000001102
525,3.6200000000001182
526,2.9937999999999647
527,21.666300000000092
528,5.004899999999907
529,-0.8400000000000887
530,1.9600000000000932
531,14.652500000000089
532,12.871299999999849
533,11.250000000000057
534,-6.098799999999869
535,-12.798700000000224
536,0.9012000000001308
537,8.823800000000006
538,-2.1713000000000306
539,-7.175000000000068
540,2.643799999999999
541,-2.9712999999998146
542,-23.242500000000007
543,-1.8824999999999932
544,-7.287005943590714
545,3.158305943590733
546,-1.898800000000108
547,3.273800000000108
548,-18.416300000000206
549,10.519999999999982
550,-7.079524194219232
551,-12.611675805780692
552,0.008699999999919328
553,0.010000000000104592
554,4.013300000000015
555,9.58499999999998
556,10.225000000000023
557,-6.586600000000033
558,2.9465999999999894
559,19.2458291015933
560,0.34087089840659246
561,2.3850000000001046
562,52.428300000000036
563,-3.8700000000000045
564,-19.463300000000004
565,-17.918299999999988
566,10.296599999999955
567,-2.7232999999999947
568,-10.0317
569,1.920000000000016
570,-21.39946544583819
571,-6.000549121767278
572,2.1617145676055998
573,15.231699999999876
574,10.95999999999998
575,-2.49369999999999
576,-9.481999999999914
577,2.6819999999999027
578,8.503000000000043
579,-1.9860000000001037
580,1.5070000000000618
581,3.016999999999996
582,1.8878000000001407
583,-7.273800000000108
584,-5.8747999999999365
585,8.150799999999947
586,-2.708000000000027
587,0.7769999999999868
588,-13.014999999999986
589,-10.504999999999882
590,-3.948128163681531
591,-0.07087183631870175
592,4.593000000000131
593,-4.018000000000029
594,2.649000000000001
595,-5.517999999999972
596,-16.080999999999904
597,-9.706000000000131
598,-9.062999999999988
599,7.775000000000034
600,11.234000000000094
601,-9.273000000000138
602,10.385000000000048
603,4.084000000000003
604,-11.77600000000001
605,-4.02800000000002
606,9.550970871015124
607,-13.148970871015138
608,1.9230000000000018
609,-3.858000000000061
610,-2.553999999999917
611,7.300000000000011
612,-3.3869999999999436
613,0.4539999999999509
614,-27.874000000000024
615,-25.636000000000024
616,12.284000000000049
617,12.153800000000047
618,10.498699999999928
619,-11.420000000000016
620,5.121300000000133
621,-15.040800000000104
622,-7.3489999999999895
623,1.1696677009429663
624,-46.917667700942985
625,-49.288100000000014
626,38.408000000000015
627,-4.739900000000006
628,-6.324600000000004
629,9.497800000000012
630,5.5557999999999765
631,-4.0312999999999874
632,13.53139999999999
633,7.997200000000106
634,0.8556999999998993
635,15.198000000000008
636,5.742899999999906
637,17.449300000000164
638,-12.052600000000098
639,-26.70265776950589
640,-3.897542230494082
641,-10.612099999999998
642,8.246399999999994
643,13.749599999999987
644,-14.00739999999999
645,-0.7035999999999945
646,-8.3947
647,5.573599999999999
648,4.717899999999901
649,-4.298999999999893
650,-2.813900000000018
651,0.5571000000000197
652,-1.5537000000000205
653,2.9445587875259207
654,13.637241212474095
655,23.33120000000011
656,-26.012400000000127
657,2.923700000000025
658,6.536899999999974
659,-7.832999999999998
660,5.675000000000011
661,3.783299999999997
662,0.06380000000001473
663,-8.5929000000001
664,2.5789000000000897
665,0.5995000000000061
666,-1.353400000000022
667,-1.2068442276590758
668,17.727944227659094
669,-0.30000000000001137
670,4.108399999999989
671,12.253999999999905
672,10.66270000000003
673,-7.604900000000043
674,1.8062000000001035
675,-2.4842000000001008
676,3.243338734083352
677,-1.0066387340832534
678,14.71770000000015
679,1.0099999999998772
680,5.655300000000011
681,-2.0407000000000153
682,-5.883800000000122
683,-6.5477999999998815
684,3.775800000000004
685,4.831000000000074
686,-5.746400000000051
687,-28.74290000000002
688,4.3974999999999795
689,0.9038000000000466
690,-1.41760000000005
691,8.308199999999943
692,-1.7708999999999264
693,-20.85929999999999
694,1.1036000000000001
695,1.288000000000011
696,-0.4119000000000028
697,4.90209999999999
698,-10.13600000000011
699,4.628100000000103
700,-3.2725999999998976
701,3.5062999999998965
702,5.565500000000014
703,1.281699999999887
704,-0.3013999999998873
705,6.390499999999918
706,-4.288499999999914
707,-2.214800000000025
708,-8.937599999999975
709,-1.07024514551361
710,-8.675354854486415
711,1.9248000000000047
712,-0.7115000000000009
713,-11.79219999999998
714,-5.946899999999999
715,5.016599999999983
716,4.983400000000017
717,-5.582361714761902
718,0.5365617147618025
719,-0.2724999999999227
720,1.6274000000000228
721,10.378100000000074
722,-0.9060000000000912
723,1.392799999999994
724,-4.18719999999999
725,-5.029500000000013
726,-7.450299999999999
727,10.064700000000016
728,-2.9289000000001124
729,0.35550000000012005
730,10.222999999999985
731,-3.4805000000000916
732,2.416000000000082
733,4.7257000000000176
734,-0.9114000000000999
735,-2.9690999999997985
736,-6.186300000000102
737,7.029800000000108
738,6.811999999999898
739,-2.1248999999999967
740,-1.9773000000000138
741,2.2957999999999856
742,-0.3316999999998984
743,-6.0396000000000925
744,1.2247000000000128
745,0.2867999999999995
746,-1.0126999999999953
747,0.10659999999998604
748,-3.609000000000009
749,-0.5310999999998955
750,2.1033999999999082
751,1.3724999999998886
752,5.5147000000001185
753,-1.9022059016712092
754,2.208705901671294
755,-3.8007000000000914
756,0.056099999999986494
757,-0.26659999999998263
758,0.25860000000008654
759,-0.4177000000000817
760,-3.614200000000011
761,-3.7786999999999864
762,-6.3607000000000085
763,2.420899999999989
764,-0.25559999999998695
765,-1.3083000000000027
766,0.5664999999999907
767,0.547600000000017
768,-1.6732000000000085
769,5.085600000000085
770,0.8250999999998214
771,-0.5241999999999223
772,0.932100000000105
773,0.5837999999999113
774,2.1119999999999948
775,1.038000000000011
776,3.5331999999999937
777,13.272999999999996
778,-2.7798999999999126
779,0.8575999999998203
780,-5.555299999999903
781,2.4787000000000035
782,-1.4795000000000016
783,3.283100000000104
784,-3.4304000000001054
785,-3.3108999999999185
786,1.9391999999999143
787,0.0049999999999954525
788,8.139100000000013
789,-2.275900000000007
790,7.958773966717786
791,6.102451493460023
792,-4.900525460177789
793,-2.8520490812442176
794,0.507249081244197
795,5.254000000000019
796,10.625120800344291
797,-2.4451208003442844
798,-3.2105480385125134
799,4.2285644599390935
800,-0.7202164214265281
801,16.129499999999894
802,6.868443156951855
803,18.300820470804865
804,-19.526063627756685
805,-4.000100000000089
806,-2.7162119190747944
807,-7.269088080925201
808,1.692700000000059
809,-3.888900000000092
810,-1.6777204111409105
811,4.4392204111410365
812,-2.3025123441522055
813,1.2327123441522758
814,-0.5621000000001004
815,12.83121678833362
816,-0.05655816300088645
817,3.315605904162453
818,0.911035470504828
819,1.378499999999974
820,-5.273800911407591
821,-1.88289908859241
822,-3.1605408519782827
823,-2.974659148021715
824,1.0253000000000156
825,0.10317077012399523
826,2.409429229876025
827,-2.838237634972529
828,-3.387662365027495
829,0.49541375728239245
830,-18.7080853718129
831,4.537755003856205
832,-0.760283389325707
833,6.288600000000031
834,-2.154200000000003
835,-4.056781383096222
836,1.4722813830962878
837,-4.651867710235763
838,-2.6604322897642305
839,-0.752399999999966
840,-3.986800000000102
841,-27.116400000000027
842,8.677700000000016
843,-2.3054999999999097
844,-3.183600000000098
845,-1.9034000000000901
846,-17.151014936206195
847,11.23391493620619
848,3.938300000000197
849,-2.296200000000084
850,8.687899999999985
851,-3.1899999999999977
852,-0.40109999999998536
853,2.0108999999999924
854,-2.9150000000000205
855,1.479699999999923
856,-2.076999999999913
857,3.485100000000017
858,4.698599999999999
859,4.37939999999989
860,1.3741000000000838
861,3.0557000000000016
862,-5.613499999999988
863,0.8310999999999922
864,1.2244956438865984
865,-5.0909956438866
866,-4.4049999999998875
867,-0.29480000000009454
868,-0.29820000000000846
869,-1.4477999999998872
870,4.281999999999897
871,-0.3919999999999959
872,-1.080700000000121
873,-0.6135999999999058
874,-4.20689999999999
875,3.430300000000017
876,-0.017300000000005866
877,4.059699999999992
878,1.0511999999999944
879,-0.4488000000000909
880,-1.6931999999999903
881,6.441800000000086
882,-2.050299999999993
883,-1.1799000000000035
884,1.6895000000000095
885,-0.47650000000010095
886,1.712500000000091
887,-0.31520000000000437
888,1.6672000000000082
889,6.120199999999983
890,-3.2210999999998933
891,-0.3221000000000913
892,1.3042999999999836
893,1.1158000000000072
894,2.2182999999999993
895,-1.973099999999988
896,3.8389999999999986
897,3.2905000000000086
898,1.9339530746220817
899,7.743946925377884
900,7.991100000000017
901,-8.13009999999997
902,1.974899999999991
903,6.056999999999903
904,-3.2476999999998952
905,6.554299999999898
906,3.815399999999954
907,5.568200000000104
908,1.7924000000000433
909,0.7668999999999642
910,9.293499999999938
911,8.827200000000062
912,10.270700000000033
913,11.893299999999897
914,-13.522299999999916
915,12.718799999999874
916,25.770700000000147
917,47.46909999999997
918,6.121899999999982
919,-16.88579999999996
920,-14.646999999999935
921,14.23399999999981
922,-15.557999999999765
923,9.141999999999769
924,-43.771000000000015
925,-30.889999999999986
926,31.972000000000094
927,-0.58299999999997
928,-5.871000000000038
929,-11.016999999999996
930,10.869000000000028
931,3.7579999999999814
932,0.33600000000001273
933,-9.878999999999905
934,-4.151000000000124
935,3.7420000000000186
936,-1.76400000000001
937,-0.5659999999998604
938,-2.8500000000001933
939,8.189999999999998
940,28.07600000000008
941,2.7660000000000196
942,-2.799000000000035
943,15.276000000000124
944,6.776999999999873
945,-14.815000000000111
946,-4.6299999999999955
947,2.1340000000001282
948,1.8129999999998745
949,27.8780000000001
950,3.3659999999999286
951,0.3440000000001078
952,18.575000000000102
953,4.437999999999761
954,-0.4579999999998563
955,35.50499999999988
956,-17.511999999999887
957,0.9120000000000914
958,7.461999999999875
959,21.721999999999923
960,-11.085000000000036
961,2.5590000000001396
962,7.342999999999961
963,-1.7630000000000905
964,-20.923999999999978
965,-3.3199999999998226
966,-1.5720000000000027
967,6.583999999999946
968,12.085999999999956
969,0.8349999999999227
970,-38.64999999999992
971,6.833000000000027
972,-3.2169999999999845
973,11.446000000000083
974,-5.343000000000131
975,4.328000000000031
976,3.2879999999998972
977,-0.10099999999982856
978,-4.1280000000001
979,3.335999999999899
980,-1.418999999999869
981,-0.7719999999999345
982,25.09099999999995
983,-1.7376999999999043
984,-5.987300000000005
985,-1.502000000000237
986,1.1420000000002233
987,-2.55700000000013
988,-13.671999999999855
989,-2.877000000000237
990,-63.330999999999904
991,18.90100000000001
992,1.54300000000012
993,-1.2239999999999895
994,-6.117000000000132
995,39.83300000000003
996,-11.032999999999788
997,-30.605000000000132
998,12.430999999999813
999,13.41500000000002
1000,-10.729999999999848
1001,0.12999999999971124
1002,2.0350000000001955
1003,-14.939000000000078
1004,-0.6399999999999295
1005,-1.9909999999999854
1006,-12.569000000000017
1007,6.689000000000021
1008,1.8269999999998845
1009,-4.743999999999858
1010,20.251999999999896
1011,-2.6429999999998017
1012,-10.828000000000202
1013,0.6120000000003074
1014,-4.381000000000313
1015,2.7730000000000814
1016,5.920000000000016
1017,-2.771000000000015
1018,5.662000000000035
1019,7.704000000000065
1020,13.720000000000027
1021,-4.7650000000001
1022,7.633999999999787
1023,9.837000000000103
1024,4.572000000000173
1025,-2.0450000000000728
1026,21.742999999999768
1027,-2.4699999999998568
1028,-0.8470000000000368
1029,-17.500999999999806
1030,2.8850000000000477
1031,-0.0450000000001296
1032,3.8870000000000005
1033,5.110000000000127
1034,0.6579999999999586
1035,4.1219999999999
1036,-5.548000000000002
1037,-6.885999999999967
1038,-4.314000000000135
1039,-10.762999999999863
1040,-12.166999999999916
1041,7.670999999999879
1042,8.828000000000031
1043,-1.8629999999998859
1044,0.44199999999995043
1045,3.973000000000013
1046,3.0069999999998913
1047,-8.497999999999877
1048,1.6939999999997895
1049,2.0900000000000887
1050,1.0560000000000969
1051,0.90300000000002
1052,1.8559999999999945
1053,-10.120000000000118
1054,-1.5410000000000537
1055,5.1430000000002
1056,-0.7910000000001105
1057,5.2690000000000055
1058,1.7160000000000082
1059,-3.1930000000000973
1060,0.8600000000000705
1061,0.9719999999999231
1062,8.634000000000071
1063,-2.5930000000000177
1064,-7.2089999999998895
1065,-2.9500000000001023
1066,2.7690000000000055
1067,1.3880000000000337
1068,2.9160000000000537
1069,-1.4849999999999568
1070,1.2519999999998959
1071,3.2139999999999986
1072,-0.9950000000000045
1073,-0.5799999999999841
1074,-2.6019999999999186
1075,-2.3290000000001214
1076,4.9879999999999995
1077,1.4510000000001355
1078,3.5969999999998663
1079,-1.9119999999999209
1080,0.6629999999999541
1081,5.033999999999992
1082,0.9749999999999659
1083,-2.9139999999999873
1084,0.47899999999981446
1085,7.864000000000203
1086,5.545999999999992
1087,9.1670000000002
1088,-3.595000000000198
1089,4.329999999999984
1090,8.104999999999905
1091,0.5430000000000064
1092,7.389999999999986
1093,-23.066999999999894
1094,4.591999999999928
1095,7.185000000000173
1096,-8.663000000000181
1097,4.689000000000078
1098,-8.103999999999985
1099,5.812000000000012
1100,-3.180999999999983
1101,1.8029999999998836
1102,12.698000000000206
1103,-2.3720000000002983
1104,0.03500000000019554
1105,2.4640000000000555
1106,-11.421000000000163
1107,1.8530000000000655
1108,2.5520000000001346
1109,1.2760000000000105
1110,-0.5040000000000191
1111,2.3339999999998895
1112,-2.944000000000017
1113,-2.470999999999947
1114,0.9490000000000691
1115,-12.832000000000278
1116,1.34900000000016
1117,1.2589999999999009
1118,-4.471999999999753
1119,4.499999999999886
1120,2.593999999999994
1121,3.2859999999998877
1122,4.677000000000135
1123,20.132000000000062
1124,54.68099999999987
1125,-3.9209999999999354
1126,9.600000000000136
1127,-2.8170000000000073
1128,7.76099999999974
1129,-0.33599999999989905
1130,31.612999999999943
1131,3.0809999999999036
1132,0.9496747207707585
1133,11.08732527922939
1134,-7.652305730064086
1135,5.228305730063994
1136,-5.531999999999925
1137,1.620647880140723
1138,18.518914113377264
1139,73.96571650153498
1140,32.57957367605525
1141,-18.359720606346173
1142,7.294868435237845
1143,72.23599999999999
1144,-16.043999999999983
1145,7.380601258062825
1146,7.2463987419372415
1147,-29.884264196433037
1148,-69.1652064481325
1149,-73.10152935543442
1150,31.311256364615815
1151,38.210348794687775
1152,4.640092696506031
1153,-36.750697855809676
1154,18.993999999999915
1155,-1.4570000000001073
1156,-9.405999999999722
1157,34.178999999999746
1158,6.094000000000165
1159,15.337000000000216
1160,-28.301899656606906
1161,13.9554713360709
1162,-11.17005365611874
1163,8.388481976654703
1164,-37.29899999999998
1165,27.124506272112853
1166,-11.873993772714357
1167,-3.549512499398361
1168,-1.2510000000002037
1169,21.878000000000043
1170,-12.798000000000002
1171,1.4260000000001583
1172,6.110991503188529
1173,-2.185991503188575
1174,14.889558245954277
1175,-3.603120419333777
1176,-0.23004884591921382
1177,-3.6639149207084074
1178,-5.52908954571933
1179,-14.274384514273834
1180,4.333000000000197
1181,5.425923533056903
1182,-6.33028518494973
1183,-3.2086383481074563
1184,4.308263277738206
1185,0.2721668971571489
1186,1.4519490197701543
1187,-2.7933988891255694
1188,-30.80320905223755
1189,-17.99877125330272
1190,-88.61207055123884
1191,50.246132166840766
1192,9.222645109253108
1193,-0.569906724854377
1194,11.601199999999722
1195,5.032500000000141
1196,-1.955000000000041
1197,-5.4100000000001955
1198,6.964343297098253
1199,-4.653043297097838
1200,-1.0838000000003376
1201,-2.0611316653929634
1202,-13.732168334606968
1203,-3.0024163405649915
1204,10.488867442921446
1205,-6.761236144614372
1206,0.806504890977294
1207,1.2235708307151754
1208,8.454282401779096
1209,-1.3592459440401399
1210,4.63047286282665
1211,-3.213700000000131
1212,-4.115746837828738
1213,-1.7717531621710805
1214,1.9874999999996135
1215,-9.528799999999592
1216,4.953799999999887
1217,-1.0185716382912915
1218,3.569771638291286
1219,-4.321717323696589
1220,-0.16828267630341998
1221,2.3724999999998317
1222,22.2325000000003
1223,12.493799999999737
1224,-2.0449999999998454
1225,4.03999999999985
1226,3.642688596219614
1227,11.141011403780567
1228,-3.5550000000001774
1229,1.146300000000224
1230,-17.743384820919914
1231,0.5157900629518508
1232,0.8137947579680258
1233,1.7800000000000864
1234,-2.8412000000000717
1235,0.9695658936914242
1236,-1.209565893691547
1237,3.451200000000199
1238,-0.17736570267572915
1239,-0.8488217340579922
1240,-11.928563336831985
1241,-0.8814492264345972
1242,6.933700000000158
1243,-0.6199999999997772
1244,-1.961200000000531
1245,6.785764536300803
1246,-1.889564536300668
1247,-0.6525000000001455
1248,1.0825000000003229
1249,3.6200000000000045
1250,5.802384517664223
1251,-3.701084517664185
1252,1.6021026561797953
1253,-2.718402656179933
1254,2.3938000000000557
1255,-0.6562999999998738
1256,5.238800000000083
1257,0.3149999999998272
1258,-1.9099999999999682
1259,-0.3100000000000591
1260,26.38620000000003
1261,-5.083700000000022
1262,-0.99396119587675
1263,3.557661195876335
1264,-0.9711999999996124
1265,2.9774999999997362
1266,-2.70379999999966
1267,-2.017500000000041
1268,-7.027500000000032
1269,0.10500000000001819
1270,1.1762999999995145
1271,22.368700000000445
1272,-2.461199999999735
1273,-0.860000000000241
1274,3.86749999999995
1275,20.78370000000018
1276,9.9549999999997
1277,4.186300000000074
1278,27.85152432321638
1279,-18.132961867158542
1280,1.2989375439420883
1281,30.628700000000094
1282,4.95880000000011
1283,-48.10250000000053
1284,16.04870000000051
1285,1.9124999999996817
1286,8.103800000000433
1287,-6.033800000000156
1288,2.847499999999968
1289,12.237499999999955
1290,-7.963356664656089
1291,2.4283566646563486
1292,-11.882500000000164
1293,-1.4136830191375793
1294,3.203683019137543
1295,6.608899800779
1296,28.740455067137873
1297,-2.4193548679169226
1298,9.946300000000065
1299,1.9837480749124552
1300,-22.038748074912405
1301,8.133699999999749
1302,11.617500000000177
1303,-6.956253482126272
1304,-4.417552794805829
1305,1.455249484232695
1306,-5.470143207300453
1307,-4.976300000000151
1308,4.084961358348778
1309,-0.032461358348768954
1310,10.548799999999801
1311,10.696200000000317
1312,18.11629999999991
1313,-6.337476676084634
1314,1.5349766760843977
1315,-14.12880000000007
1316,6.452500000000214
1317,5.222499999999968
1318,4.759999999999991
1319,1.1662999999999784
1320,3.284993384523659
1321,-4.893793384523633
1322,10.199801222574706
1323,-0.2173012225741786
1324,-2.3237000000001444
1325,-0.31880000000046493
1326,5.765000000000327
1327,7.539999999999736
1328,-0.4361999999995305
1329,1.6749999999992724
1330,9.60500000000036
1331,26.899467903185723
1332,32.74553209681426
1333,57.73250000000007
1334,-25.417500000000018
1335,2.6558331688621593
1336,8.269166831137909
1337,26.508699999999976
1338,48.02499999999998
1339,-5.418700000000172
1340,-10.79629999999986
1341,5.6439708732556255
1342,31.481029126744374
1343,21.14880000000005
1344,16.332500000000095
1345,95.31821632072706
1346,-140.1820163207276
1347,-96.63499999999954
1348,6.04629999999986
1349,8.00620000000049
1350,-6.206111960936823
1351,3.8805746593704953
1352,-121.48196269843379
1353,15.14999999999975
1354,25.071300000000292
1355,-6.673800000000028
1356,4.0874999999995225
1357,6.397500000000036
1358,75.84250000000054
1359,-30.21750000000077
1360,22.955000000000382
1361,-5.43119999999999
1362,28.218700000000354
1363,-0.8986879853449636
1364,0.12868798534464077
1365,-33.1187000000001
1366,7.684999999999945
1367,21.886200000000144
1368,2.927500000000009
1369,1.9574999999999818
1370,-6.102500000000191
1371,6.84864588226219
1372,47.275154117738
1373,18.30659034543521
1374,21.83042787770637
1375,7.039181776858413
1376,18.187500000000114
1377,-16.70384140456929
1378,7.584930010897665
1379,26.98891139367197
1380,3.801299999999628
1381,-73.59630000000004
1382,10.406299999999987
1383,18.83499999999981
1384,-10.422530896888247
1385,-4.41983323330021
1386,13.998225989623847
1387,-1.2208618594352174
1388,26.02250000000049
1389,21.65429105297926
1390,2.022839595680807
1391,-5.078430648660742
1392,28.51432349583979
1393,43.39199133981356
1394,-2.1038148356533384
1395,62.34978468876807
1396,-4.78378468876781
1397,-31.46732183016161
1398,31.269321830161743
1399,12.456515036957853
1400,-2.798515036958406
1401,37.14614896609078
1402,34.60385103390945
1403,27.45961161914738
1404,-20.726079604002734
1405,7.418467984855624
1406,4.752999999999474
1407,-47.92949159200384
1408,-83.4255084079955
1409,41.60572248510198
1410,-91.22613251388748
1411,81.19353278080962
1412,49.35587724797551
1413,12.704922390192678
1414,3.2918170905697934
1415,11.90026051923769
1416,-41.142458992122556
1417,-143.22067150163184
1418,-112.13186950624572
1419,61.528100875674795
1420,12.841911498198101
1421,76.36951989911609
1422,-72.86135962514618
1423,-10.700758904740951
1424,-89.11878718399828
1425,25.244436101965675
1426,-10.78840268929082
1427,88.12841264802773
1428,2.1169273801936015
1429,-6.104802383745664
1430,-7.124291970094646
1431,46.781805444449446
1432,6.9782889093908125
1433,12.815000000000055
1434,41.24027544555497
1435,1.1893149346137761
1436,-8.157685387392576
1437,61.87109500722363
1438,-4.435876296787455
1439,-7.504123703212144
1440,5.427999999999884
1441,22.81600000000026
1442,16.102999999999838
1443,-8.31899999999996
1444,-44.08999999999992
1445,9.477999999999838
1446,-3.3639999999998054
1447,5.986999999999853
1448,18.833000000000084
1449,12.436999999999898
1450,8.141000000000076
1451,28.182999999999993
1452,1.0834999999999582
1453,-5.317499999999882
1454,-1.8312000000000808
1455,2.1175000000000637
1456,13.088700000000017
1457,24.274999999999864
1458,43.992500000000064
1459,-10.107500000000073
1460,6.481300000000147
1461,22.199999999999818
1462,58.558700000000044
1463,33.799999999999955
1464,43.57250000000022
1465,13.54249999999979
1466,6.683800000000019
1467,41.771200000000135
1468,10.06880000000001
1469,75.49620000000004
1470,66.7974999999999
1471,47.1400000000001
1472,61.46129999999994
1473,-108.00630000000001
1474,50.95749999999998
1475,15.978800000000092
1476,-71.5788
1477,20.184999999999945
1478,88.13629999999989
1479,84.95749999999998
1480,83.49250000000006
1481,70.51870000000008
1482,10.458799999999883
1483,55.51749999999993
1484,183.3062
1485,155.42880000000014
1486,-81.15880000000016
1487,-104.61249999999973
1488,-179.51500000000033
1489,136.64250000000038
1490,66.77879999999959
1491,-118.62249999999995
1492,161.43370000000004
1493,106.95880000000034
1494,78.19119999999975
1495,48.3125
1496,-6.1349999999997635
1497,165.14749999999958
1498,181.89130000000023
1499,-187.38500000000022
1500,108.14499999999998
1501,-7.139999999999873
1502,120.38999999999987
1503,76.26000000000022
1504,-312.4587999999999
1505,34.93379999999979
1506,-232.78752705036004
1507,-58.907560641099735
1508,69.31663533783967
1509,169.76099639142012
1510,-106.35198289753998
1511,42.9170902596702
1512,157.65620428005968
1513,-60.78954779200967
1514,7.909105429089777
1515,12.834017781220155
1516,-119.32949538941011
1517,-11.553500482380059
1518,-118.66907184912998
1519,43.15483540747027
1520,44.088771470089796
1521,-13.756335712950204
1522,-70.92794656157002
1523,-50.93292824651962
1524,78.72513457873993
1525,58.16896266197
1526,34.2829177671897
1527,-3.7782726718996855
1528,5.451126235079755
1529,-103.45221848807978
1530,53.97730377998005
1531,-43.978121713380006
1532,-155.70171032862027
1533,-9.605020302799858
1534,33.41825046467011
1535,-23.007645952070106
1536,-135.59247477455983
1537,-195.43770295745026
1538,-106.1920224114399
1539,254.18701507809988
1540,122.6032747571403
1541,-29.267990151170125
1542,492.2037537771498
1543,-108.75020670646973
1544,144.27297430144972
1545,-70.74387926535974
1546,19.74306281413965
1547,-187.5991749925597
1548,-56.358210626070104
1549,142.05151653050007
1550,149.38811216526983
1551,-78.72705079497973
1552,20.22132930450971
1553,131.04442343232995
1554,-133.60422282600985
1555,-39.91289011748995
1556,79.51709164433987
1557,68.52916835674023
1558,391.17353220525
1559,-47.33824104653013
1560,166.97728462541
1561,53.74034236222997
1562,-79.55225515630991
1563,37.00756179537984
1564,194.6822757526802
1565,237.5529622224699
1566,223.1138970153802
1567,152.44076926767002
1568,-26.386531934070263
1569,113.25003182076034
1570,24.358643272059453
1571,-189.2316320314094
1572,17.526185888329564
1573,-113.98335588922964
1574,-65.9986996400803
1575,73.18675238243986
1576,60.663553809890345
1577,98.20893777708989
1578,32.602854782379836
1579,-76.37866025910989
1580,-7.044632162200287
1581,99.77403414221044
1582,177.82066294176002
1583,159.74309088962946
1584,149.1316359477205
1585,160.25488559947007
1586,-306.5952717927503
1587,75.86455387544993
1588,-315.27714305063
1589,130.69040449481054
1590,144.37468568688928
1591,-7.430002705109473
1592,-299.6123364717405
1593,-39.6005975971093
1594,-112.9426988405603
1595,32.31156971078963
1596,-34.01992724226966
1597,-247.30428340239996
1598,-782.9838466453702
1599,487.27496721185025
1600,18.332075298420023
1601,-52.8428809556699
1602,458.85350873479
1603,-113.35109251109998
1604,-40.913781881830346
1605,-229.9623630658998
1606,-5.875548220009932
1607,141.22836696426975
1608,-91.10632654568008
1609,194.4000730085504
1610,-13.769947864680034
1611,281.2772100841298
1612,0.6725358987396248
1613,-4.469704856989665
1614,167.37592403077997
1615,49.78756541960047
1616,35.7467619102099
1617,-64.25628489712017
1618,-87.60502542957056
1619,58.91621734458022
1620,57.166835127340164
1621,57.468961196739656
1622,157.30573039297997
1623,196.39971869489
1624,10.755696970800273
1625,38.44854813385973
1626,523.6934070564603
1627,278.87386027425055
1628,68.72305942763978
1629,4.830882462750196
1630,44.88564643201971
1631,-85.07367349942979
1632,-51.076852839410094
1633,103.59791713136019
1634,256.3912174486295
1635,91.19537250311987
1636,-40.5027123619202
1637,-43.48097834101918
1638,-409.90145530683003
1639,154.79322122209942
1640,178.17837796336062
1641,-107.5365191637502
1642,-41.20921132459989
1643,389.24231737258924
1644,-19.161062204569134
1645,264.2629322066696
1646,346.1373453615697
1647,345.0048738297801
1648,174.94452147156062
1649,155.79684450358945
1650,25.732724458600387
1651,-313.2218698200604
1652,63.69529051382051
1653,295.08306323437955
1654,-275.53165981687016
1655,-529.4530815870094
1656,-291.4418414210804
1657,-498.88472270043985
1658,556.5782730757301
1659,229.1253770992398
1660,645.4520567723002
1661,517.2755673240399
1662,-31.401938892719954
1663,44.0890047051098
1664,183.51596042145047
1665,209.36253628609938
1666,-106.37628663237956
1667,142.9902157441902
1668,-139.4595476623208
1669,160.46408871283074
1670,465.03094157184023
1671,599.8292635109701
1672,488.4142885007386
1673,425.66448705789117
1674,-381.1751087920111
1675,530.2954155417101
1676,589.5358293878999
1677,166.82147764379988
1678,94.15679799210011
1679,378.2831266496014
1680,539.2687843891999
1681,1702.2198396221993
1682,4614.707974813398
1683,-1583.176602116997
1684,-1641.578562646102
1685,542.0835066893014
1686,1297.9952527326986
1687,143.41506576889878
1688,-724.8757253571966
1689,340.3171755764997
1690,1113.2688932590972
1691,1686.7643691072008
1692,-241.8147739890992
1693,-235.52619631769994
1694,-1013.8671973031996
1695,-1114.298409367002
1696,-704.6501245244981
1697,-2270.4132989634
1698,1157.0915388719986
1699,-790.8019189743991
1700,-148.36083849040006
1701,2313.9283489004993
1702,-243.60097751049943
1703,-1305.1815815171994
1704,28.659938014199724
1705,-1476.1975619248005
1706,1219.228911272301
1707,-745.9839548910004
1708,1228.3260212368004
1709,261.9526859951002
1710,392.4796564147
1711,2360.557785995099
1712,6.739513238000654
1713,-1303.7885795582988
1714,-1139.508892248201
1715,-295.6416133601015
1716,-95.45328142369908
1717,-1458.7005204625002
1718,708.7250235607007
1719,434.02026806969843
1720,-716.7259266155997
1721,-64.59126445089896
1722,-2688.084186252401
1723,-308.5206763890001
1724,154.0321478090009
1725,189.0443406794002
1726,1501.8018545134
1727,-1556.7663244187006
1728,-711.9098497797004
1729,-97.59410773970012
1730,383.1150651084008
1731,-51.861513563599146
1732,-180.34722031090132
1733,411.3062697055011
1734,209.4834238047988
1735,-508.0330421869003
1736,-62.45319877119982
1737,-1105.5209125299098
1738,124.8053096293097
1739,-1043.9396368524394
1740,-240.39193931884074
1741,164.7513560219213
1742,-679.3973746404899
1743,-1463.4647909212408
1744,859.1676284261903
1745,-99.61005115228
1746,596.9618067079109
1747,442.1446659332487
1748,-76.03911193975
1749,-406.03985869059943
1750,742.7607944086703
1751,-393.1294980173898
1752,909.7565309707588
1753,684.5545362850298
1754,42.6969120791
1755,851.3706304362004
1756,-483.218380160999
1757,579.6607303486999
1758,399.2870134898985
1759,-1528.7849301207298
1760,59.27099279513095
1761,269.0204970220002
1762,-559.2554192706211
1763,-43.11100855008954
1764,656.0609449703097
1765,353.8103045607004
1766,-362.7235000112996
1767,512.8872633542996
1768,238.52361486180052
1769,257.96579242129883
1770,-69.36531250329972
1771,239.74464112150054
1772,-798.7046810856009
1773,-728.0337631582297
1774,-578.8275964608601
1775,-144.51729927584893
1776,-385.47178631394127
1777,621.5903088652212
1778,-279.7502330618099
1779,-16.17490353111134
1780,-909.3075900020394
1781,52.141897074250664
1782,160.6428758312395
1783,-456.5983670491696
1784,154.43240783843976
1785,422.67923028143923
1786,286.2990659574898
1787,43.49741007886041
1788,-233.93213718063998
1789,88.20706268023969
1790,-203.44203952067983
1791,-142.51259666879923
1792,-292.4421327754999
1793,-349.43301856066046
1794,94.01649667466063
1795,-803.8843483601904
1796,-229.62661469790964
1797,78.00673615130927
1798,-138.70298672397985
1799,243.84490501620985
1800,383.9388617536906
1801,-619.0401157981005
1802,10.10632633817022
1803,-226.6678487504896
1804,255.72277920368924
1805,100.33173091385015
1806,-206.31739589639983
1807,50.82493371799046
1808,95.78549168123936
1809,911.2949985226405
1810,9.35584610666956
1811,51.967090752120384
1812,360.34715283948935
1813,-227.0678217450095
1814,-157.36375184998997
1815,223.78272300045955
1816,180.04240605951964
1817,221.98936955234058
1818,378.9782515823608
1819,-109.41626082375114
1820,112.3797048719698
1821,835.0980529852714
1822,-891.2872572614215
1823,396.66552611506086
1824,-281.4869041771708
1825,309.2784030820403
1826,75.9693259575597
1827,-127.43934107351924
1828,-173.80199819666996
1829,98.26550205358944
1830,428.48216998547105
1831,83.40304215660944
1832,131.70625951660077
1833,-182.3727399875006
1834,-275.60671977952006
1835,-158.74719257461948
1836,99.44256243725977
1837,-279.02001984190974
1838,-564.3798125007816
1839,75.01981288379102
1840,203.40582701731
1841,12.987800729930314
1842,-223.62535481917075
1843,-130.22342735815982
1844,-287.0720293207496
1845,146.7722171773903
1846,-22.198399638050432
1847,262.63323600133026
1848,-88.26390999794057
1849,-345.69682913468023
1850,-452.98346386202957
1851,7.119422522690002
1852,-91.41286369473983
1853,-143.1509273852007
1854,-2.227734184849396
1855,-215.57501550870984
1856,340.16191259533934
1857,-70.37927955550003
1858,79.31539215597059
1859,26.909354672379777
1860,80.43663308111991
1861,72.36650806351008
1862,-176.22445013774995
1863,105.35634434039002
1864,36.56714872254997
1865,8.198904769579713
1866,-52.611292853030136
1867,-146.1647219350598
1868,-647.5018940402097
1869,112.63416420679005
1870,-298.30557352808046
1871,-247.72916880177945
1872,310.6217733122594
1873,-237.91363022845962
1874,72.00887482022972
1875,-59.965922442749616
1876,258.6834010244802
1877,31.148417363399858
1878,5.6936409547997755
1879,-23.54330962214044
1880,-602.2527092172495
1881,80.8578214709396
1882,-9.730070067549605
1883,82.14151791132008
1884,-171.97610553918003
1885,47.163803456360256
1886,-237.04743521621003
1887,302.2677735165198
1888,184.24271958802
1889,-53.62222437962009
1890,282.6700696771495
1891,-97.93995786632968
1892,65.1143821789301
1893,-24.980865499180254
1894,65.55383234350029
1895,156.5413851798503
1896,-59.20061009318033
1897,-52.37868314876869
1898,-344.87613117399815
1899,69.85413996061288
1900,-142.64460758515452
1901,17.80711592901571
1902,-2.259901407457619
1903,103.55842508443311
1904,391.9961235744968
1905,561.6810995105852
1906,31.39831228033654
1907,108.02936667212998
1908,-110.9292155089206
1909,47.26574858254844
1910,16.729133618150627
1911,309.1292734644703
1912,717.3782444469107
1913,-277.82044130960367
1914,-215.47423843894103
1915,216.2539245177304
1916,46.80253411675312
1917,5.457873576788188
1918,-11.672437511878343
1919,-447.67183371611736
1920,-125.94855090309466
1921,-71.6676030659728
1922,-128.96676813325485
1923,-402.6543706899738
1924,27.597319479264115
1925,-110.4925524991786
1926,-214.38435641542128
1927,-452.2047126909847
1928,271.7220770694603
1929,-364.65936923531353
1930,38.62806244311196
1931,113.18874182957006
1932,-34.41097119289407
1933,-71.77021052591772
1934,55.54266871816799
1935,41.61651744521532
1936,257.3299371583862
1937,-184.6545719697724
1938,93.43342825976924
1939,-232.61158126657938
1940,224.38929190887575
1941,-130.61540320097174
1942,184.40939115980564
1943,163.31342593816953
1944,51.656913309780066
1945,-7.748054887449143
1946,182.80802632056293
1947,164.88737615552782
1948,-29.234457824469246
1949,-22.603840099010995
1950,3.48617222023222
1951,183.63948846696985
1952,94.00203313493057
1953,-44.37528435588865
1954,98.56547627516284
1955,-594.5362191448021
1956,-266.64716116856835
1957,-100.46074236942604
1958,-216.6244194881001
1959,79.5703553103458
1960,47.37066855415287
1961,-29.21840498806978
1962,51.6571683941047
1963,155.8873923709525
1964,13.550624223013983
1965,30.208891618033704
1966,-23.972653017372068
1967,-256.1267658945626
1968,96.94752812887873
1969,36.68458570677376
1970,108.13140111850134
1971,261.94922986344227
1972,-6.802299180301816
1973,-36.002721144089264
1974,-114.84213877035745
1975,-154.87576850302412
1976,21.484090749686402
1977,241.9086104374819
1978,-69.93828115681572
1979,-28.692169150829613
1980,19.964160676410756
1981,-27.196696343309668
1982,-74.23356183996657
1983,-25.34531879999122
1984,79.43943016963021
1985,42.4875546350695
1986,-32.06468224103082
1987,-4.292528626374406
1988,68.25729777791275
1989,-19.3437209132544
1990,-51.29064753006969
1991,-348.0874409326607
1992,51.22534134540274
1993,29.290401622728496
1994,13.671375611851545
1995,331.3207483750057
1996,-24.749840892591237
1997,0.616164971103899
1998,-118.23074477740829
1999,-33.68331823873632
2000,48.8509809120078
2001,-3.008729012964068
2002,-17.080962071920112
2003,-39.78939865733082
2004,8.64392891649095
2005,-23.252067721280582
2006,10.634903128816404
2007,-11.76778977894628
2008,24.26450648093669
2009,-188.67521773320823
2010,39.133883975407116
2011,34.93830164444989
2012,13.252862614172045
2013,45.468610871780584
2014,-37.25179473283697
2015,-37.12784725108759
2016,64.38146748480904
2017,59.403881795594316
2018,99.9538899533245
2019,-84.34644952825602
2020,-76.67269219002719
2021,16.1167535024897
2022,4.385804851330249
2023,-22.93116072040175
2024,-17.064159941085563
2025,-605.6767822170887
2026,-102.07136298869955
2027,-76.58494872407027
2028,-10.764586644899282
2029,39.66988576309359
2030,-749.6636222132875
2031,-438.4864048212885
2032,162.73695776602835
2033,-306.0596804665838
2034,69.51621508428525
2035,-481.06813384256384
2036,143.99973817844375
2037,-227.91302187093834
2038,21.00098663419658
2039,434.31911308996723
2040,12.231963558054304
2041,-269.78601272271226
2042,179.88424317385943
2043,-64.98027435664335
2044,-245.75431385994352
2045,64.85357728232884
2046,-192.00084566993974
2047,-284.92810262392914
2048,-58.24024672860514
2049,16.18224361947432
2050,125.84057323428806
2051,-116.73799346561054
2052,-54.99966201817233
2053,59.29129511587553
2054,-143.46391698371463
2055,-78.00900663732637
2056,5.349053805055519
2057,-4.92936874325369
2058,289.1701783097392
2059,149.5580324503194
2060,31.975507462921996
2061,377.346684817403
2062,-218.86974002154875
2063,114.3402754194608
2064,-18.950033249712305
2065,80.3725151870749
2066,-262.81182844883097
2067,22.434654696783127
2068,-193.909201454534
2069,266.71721684377326
2070,-76.22715709299109
2071,31.534288751489385
2072,-117.1966631163923
2073,101.7326882150187
2074,77.90793048317664
2075,-95.64637652878764
2076,38.742272188529114
2077,-27.960222758350028
2078,226.21223417310057
2079,-23.85137375862132
2080,-16.077462922977702
2081,8.634658146621405
2082,-358.37818365672774
2083,9.001577329100655
2084,-34.4129598729005
2085,-102.60403525444235
2086,152.21597434905198
2087,-80.2470424572839
2088,29.846080130385417
2089,23.333957816133534
2090,-23.188029375574388
2091,76.79401908715317
2092,-135.4197398162746
2093,-8.163348241096173
2094,40.26272529293601
2095,-15.566905570244671
2096,9.942002094412146
2097,-0.8195875056144359
2098,-1.2078536922781495
2099,-10.492882289365753
2100,-120.90601282852913
2101,-18.840185051451954
2102,44.50716592618937
2103,-25.93901131153052
2104,32.546509697698184
2105,22.091468695874937
2106,-32.55577243284188
2107,9.977665035899918
2108,5.891168218176972
2109,-64.05781582254485
2110,-11.822208297996895
2111,270.26744970026175
2112,3.126161630972547
2113,8.283364834769145
2114,-44.247089394776594
2115,2.5205070161691765
2116,-23.902773682716543
2117,-20.400443437083595
2118,11.567361770546086
2119,21.362461678207637
2120,42.48387772565093
2121,221.44466967441576
2122,28.48977080191662
2123,61.798935251935745
2124,-41.99531263417384
2125,38.827728879819006
2126,141.69660401302826
2127,-372.4689800872775
2128,81.81455751671501
2129,-15.473729535077837
2130,4.16811719927
2131,2.229715643689815
2132,0.14633239777094786
2133,3.891790659830349
2134,-12.691456784628372
2135,-94.1418165001578
2136,139.6492084876868
2137,8.04909659519808
2138,11.12648558530691
2139,-9.757940569843868
2140,79.72156587562404
2141,-18.041084465338827
2142,-63.20055877772029
2143,16.12162272593696
2144,-10.66307009125967
2145,10.880925369563556
2146,48.76187167162334
2147,82.24888411429674
2148,-26.71935908685191
2149,5.716789314124526
2150,26.87007529933544
2151,31.995664164259324
2152,-62.254852212377955
2153,5.840709918090397
2154,19.786895099301546
2155,-15.550485855205352
2156,-65.81760393811464
2157,11.082446635508859
2158,97.50117476381683
2159,-7.769616741139089
2160,74.93155833434184
2161,0.533561819960596
2162,-0.3346827845907683
2163,42.800189157303976
2164,715.9085000602809
2165,93.6013962513789
2166,-56.81027023500883
2167,115.93427310547759
2168,26.91324899954452
2169,135.10880773241024
2170,89.91689285231041
2171,-94.71951171332057
2172,136.7304184047316
2173,-261.112520750421
2174,34.67199000891014
2175,-9.477961085047355
2176,76.32730146024369
2177,-109.43347539372462
2178,173.71735955767963
2179,5.358773422446575
2180,55.80986295197454
2181,5.587431046504207
2182,27.334739054128477
2183,3.4756568621387487
2184,69.77094927631424
2185,176.9899380352481
2186,-105.82397421637415
2187,-249.01315466375945
2188,92.75872131752476
2189,-38.86951757416864
2190,0.8254467584438316
2191,-58.04824066904166
2192,93.0489659985924
2193,61.7828256119119
2194,96.11982031245861
2195,280.78647912013093
2196,72.45020944188218
2197,-54.61952858811037
2198,-33.56664449422533
2199,125.29663530764992
2200,116.80296158464716
2201,210.41226353985985
2202,201.96476220959357
2203,888.0275220473704
2204,-304.5098920688424
2205,852.2302609030003
2206,184.07390404497528
2207,202.1675854176574
2208,-316.30993942594705
2209,-532.5417423630715
2210,-42.71629882176694
2211,868.0755314425242
2212,-191.87897688412613
2213,-18.48618682453707
2214,-292.5686722415385
2215,196.01593863189737
2216,115.43209000252591
2217,60.3825493926106
2218,593.4531459834334
2219,184.9533370894933
2220,-89.05580447711509
2221,-76.30070448810329
2222,-339.78634291087474
2223,264.7552902967491
2224,-21.38462526214971
2225,189.44374104221788
2226,-570.0727073374965
2227,-489.9965003769521
2228,128.8125933123638
2229,8.675042362709064
2230,214.98426202735573
2231,-93.56887505792565
2232,-274.50965620410625
2233,334.70035503386407
2234,-104.7545062956824
2235,247.08362152259542
2236,82.56662746994425
2237,443.8796630698889
2238,147.10411827150347
2239,160.16308087463403
2240,334.09570700177755
2241,-218.8465487294925
2242,191.9069281722568
2243,262.385891009988
2244,570.0448903653942
2245,586.5626924888184
2246,141.2029515319864
2247,199.4253201671654
2248,762.8694842610348
2249,1187.7044387128171
2250,-1817.4413446021772
2251,1173.5138677261912
2252,-379.6411986917792
2253,-1084.458485541185
2254,-249.0508894476552
2255,183.71788614433353
2256,1152.8732154424106
2257,-746.0317746939054
2258,-242.35676291026357
2259,292.2275214577712
2260,156.95436925147806
2261,823.8519509487251
2262,283.88456383660014
2263,-377.7689728406149
2264,-781.3377983040864
2265,419.50230334092885
2266,-386.05093841396047
2267,-1133.0507464245438
2268,625.8840492426898
2269,-1372.5180340657662
2270,118.47597707520617
2271,978.8526270415732
2272,-99.58987878452899
2273,237.7152880577305
2274,-166.81757693172403
2275,-264.14542110376897
2276,-406.9373772513245
2277,-137.0744493790953
2278,78.92561994321477
2279,-32.23248583264649
2280,-398.32104566519774
2281,87.07702541992512
2282,-24.161874651583275
2283,57.84389998266852
2284,494.5588334990098
2285,298.3157144173656
2286,167.8599073469486
2287,262.0286157313585
2288,160.39331168104945
2289,866.9316962260546
2290,-308.3613763360918
2291,460.4934017219821
2292,53.67401454624269
2293,-171.76996400271855
2294,-524.7189647622945
2295,222.15571208924848
2296,-168.75699864391754
2297,-477.58636379845484
2298,-887.437602604803
2299,279.65975363431426
2300,29.11645450598735
2301,-100.77489078166218
2302,85.65372929461955
2303,586.0994085006841
2304,-152.18253112717866
2305,-619.731099133156
2306,3.731643509445348
2307,257.71923235553186
2308,-240.49661032690165
2309,-54.95090367598641
2310,244.85027844033903
2311,-167.02246445107085
2312,-414.40234112321195
2313,-268.3456251162934
2314,103.84607827739273
2315,18.30176224443494
2316,121.97696756522964
2317,593.7564285102617
2318,297.14252897883307
2319,-46.65001032901637
2320,-3.265238241689076
2321,-219.50161506895893
2322,110.79940548517152
2323,-57.213830756421885
2324,-82.40228692021628
2325,-200.82931631145948
2326,29.607726422731503
2327,250.6098957051763
2328,-45.69302072219398
2329,-6.0749403882673505
2330,-43.87693807476717
2331,-37.25332327484102
2332,-65.35065006596778
2333,-44.21652944010566
2334,94.37785730424548
2335,-74.78980198215322
2336,-181.2426848813975
2337,44.10431280816556
2338,-341.79926252898804
2339,-996.7914100697199
2340,-256.469412477707
2341,-347.43429505921813
2342,84.67252707771604
2343,41.62802428489431
2344,-160.7293884666533
2345,206.90987208008755
2346,95.21305019821375
2347,-16.371742420624287
2348,-173.77748383636208
2349,-19.83512556562073
2350,-16.277069572533037
2351,-250.00813440377078
2352,292.01724321953316
2353,-1.5604628995706662
2354,392.3689562641148
2355,-11.54075723101596
2356,-283.6709781326772
2357,30.622616348391603
2358,-18.973730814537703
2359,57.85311346655544
2360,-171.4872379803328
2361,-165.560932310952
2362,69.62927968557779
2363,-122.61736548394583
2364,-7.511825385966404
2365,258.5603531488796
2366,12.555909372258611
2367,-175.6242843237078
2368,-576.7617143703628
2369,-34.61718675772863
2370,1218.11468418829
2371,565.2060016688247
2372,284.78408289984145
2373,-262.1228306564626
2374,167.2660676797641
2375,-235.28887740524078
2376,-20.049879594420418
2377,81.58920714613669
2378,69.42081623518607
2379,-98.54826738982229
2380,174.66756387965142
2381,-78.57995128384391
2382,39.67468852782076
2383,-118.97486659109381
2384,-425.1777155835771
2385,13.887604485655174
2386,233.88961851118438
2387,-313.755873906337
2388,76.83458046328633
2389,-35.971173722653475
2390,-118.75553695903182
2391,-171.58974639772532
2392,15.941417271260434
2393,12.122474905900162
2394,-305.6649879438519
2395,-64.0028407488553
2396,-42.96596734741797
2397,-463.37087251299
2398,-339.4808163263524
2399,16.675294394027333
2400,-373.9506161638037
2401,182.52625599068506
2402,39.41984766126734
2403,326.0694611223262
2404,-45.13242286794957
2405,282.24324195198733
2406,-164.4674254450656
2407,-150.58910706329425
2408,-96.82603432868291
2409,-22.901492912353206
2410,-76.1095340566626
2411,163.81108112287257
2412,157.1403318272978
2413,-37.37767584820085
2414,14.770514582360192
2415,-161.27871789374967
2416,-113.08646407396009
2417,-36.52366129056372
2418,3.280192148967217
2419,46.64325898111383
2420,-165.61002174518853
2421,26.822766512319504
2422,-207.5261064419601
2423,-273.87440078295094
2424,647.6059892393678
2425,-122.2098121596191
2426,32.88048799787248
2427,-43.88432258449757
2428,346.641317555207
2429,-152.98855842445118
2430,-68.59941954813439
2431,-62.42332094028279
2432,4.304432203554825
2433,39.134404473097675
2434,60.263810318083415
2435,86.14176284765745
2436,-153.60037327917325
2437,-45.275016821788995
2438,-1.399227469928519
2439,-229.9013139766148
2440,336.49358132162433
2441,51.03011786151728
2442,-1.4048051159988972
2443,384.7032677346606
2444,412.7397218510823
2445,-101.62611304339953
2446,-212.99348075258422
2447,347.71752596341776
2448,-168.4273879892762
2449,159.31540350641535
2450,-60.753220817172405
2451,691.2232486339735
2452,18.978892858385734
2453,-99.93060462189169
2454,181.64949385108957
2455,4.333679925744946
2456,-216.52210560645108
2457,-59.12661521086011
2458,93.56466859771172
2459,-59.381708834576784
2460,-249.48088676135922
2461,16.140648453880203
2462,-83.43101071009369
2463,247.06263341379054
2464,283.6072502214374
2465,441.4703051539145
2466,-43.91203278197281
2467,232.9113144887251
2468,-201.74485001044195
2469,55.16392123579317
2470,-24.80757486116636
2471,-29.50392964819366
2472,-128.95342121410067
2473,412.22459282079944
2474,152.45270426147908
2475,54.81187766529547
2476,91.25320237018059
2477,257.6780609369198
2478,-258.25849511181696
2479,336.8045451953549
2480,101.97179662109193
2481,-107.63725663477999
2482,98.89683131235688
2483,-426.0210167248333
2484,49.53747878958529
2485,-220.06857615624722
2486,410.21239066218186
2487,-515.4081688342721
2488,-10.240066967946404
2489,64.84261898788645
2490,-14.405741894874154
2491,288.1100650920507
2492,-275.75531699982275
2493,-325.61810473285186
2494,-543.6855722623441
2495,-20.4818472701445
2496,-63.84385084293535
2497,-164.3423127777878
2498,14.813130097589237
2499,338.07385558296846
2500,-149.15752751964465
2501,1.9284164493674325
2502,280.22333004150823
2503,96.97474279978451
2504,-233.64311592531885
2505,-860.8364120360557
2506,-120.0335311611143
2507,-14.600478400087923
2508,28.790511659912227
2509,-2792.5315811522287
2510,399.82908335483717
2511,-328.6304299892354
2512,183.7442450552726
2513,-365.43200595146936
2514,356.9144235463691
2515,-13.135027188652202
2516,793.9198523922369
2517,25.402905019954233
2518,-49.832614005229516
2519,-286.1234609530111
2520,596.7000556640305
2521,273.8262964077694
2522,-34.27316397346385
2523,69.66146053218563
2524,-367.7357506043063
2525,-142.8259296319693
2526,-339.6632439017312
2527,487.8040807733196
2528,18.56417832331681
2529,219.09225242159118
2530,167.0993515804348
2531,-75.04499949595356
2532,126.57290532733168
2533,-71.37665111602655
2534,509.58728568357856
2535,-100.85335584744462
2536,145.50939870597267
2537,-47.80272602646983
2538,-429.79461811505735
2539,14.08695558335603
2540,34.377574879244094
2541,-55.62024995761294
2542,2.639998189626567
2543,-230.746797669819
2544,430.49448672724884
2545,-24.664720769314954
2546,207.24942550375727
2547,-114.99897980383048
2548,-271.05567133444674
2549,-14.417680720102908
2550,267.95669354717575
2551,272.79785293491113
2552,112.6004433819171
2553,43.164099781234654
2554,145.30972780350112
2555,90.4141393647069
2556,-16.051299262102475
2557,986.2000318306145
2558,-133.79448327567115
2559,214.18260981107778
2560,141.48860113731462
2561,-77.63510200241399
2562,-4.264099109812378
2563,118.83274404452823
2564,141.44648209848492
2565,814.479376541698
2566,-137.35510096474718
2567,-255.0341280910543
2568,-814.160099460134
2569,-147.86549672600086
2570,183.71515839482163
2571,494.61926324407796
2572,513.4085143657976
2573,-487.19916761768764
2574,66.00174902646904
2575,291.0300849701307
2576,42.11266538966811
2577,51.759078369083
2578,-233.691344156352
2579,-466.54508613411053
2580,71.80476821026241
2581,38.59378842413753
2582,-438.5125376354772
2583,151.84324399276375
2584,-44.56110659016849
2585,334.9879007231775
2586,371.9270710407254
2587,-118.92526164373157
2588,235.58549915476215
2589,-195.74409111866407
2590,700.9689118989936
2591,-652.6868346727915
2592,129.9840107045893
2593,130.97512242817174
2594,-139.23746473842402
2595,25.893181952184023
2596,75.74464782635187
2597,34.426156266568796
2598,-6.024196439639127
2599,107.89336517671472
2600,-548.9018256296004
2601,143.53644130727298
2602,-0.059841346212124336
2603,-123.51254844163122
2604,85.75835447967984
2605,93.20735470847467
2606,-61.565202598430915
2607,-63.594197182572316
2608,-86.98711263143014
2609,47.46786370390146
2610,-61.88713908027057
2611,380.3223798544186
2612,-53.998917144437655
2613,-336.62251734446
2614,-29.39461347923134
2615,-92.1808005914736
2616,-152.58079574009207
2617,125.99771162168327
2618,45.26326435332339
2619,-35.444543893130685
2620,80.95100183278737
2621,-136.3549264239009
2622,-22.933029384103065
2623,61.52332675069192
2624,-45.50105695132879
2625,254.96918004451436
2626,-88.74551238434651
2627,178.54153558560938
2628,-196.45621376369854
2629,47.197336775660006
2630,-48.598964127273575
2631,63.16496116003509
2632,-56.71711614798369
2633,6.2981762391318625
2634,-43.68926078411096
2635,-66.88805881572443
2636,19.793206751512116
2637,12.12615344864389
2638,34.21310293597526
2639,-39.45618492319227
2640,221.22009732635343
2641,129.9252357237001
2642,75.51273181420038
2643,-53.878923703709006
2644,155.88634317968717
2645,233.9262585591987
2646,1036.5070837310104
2647,-57.3419542883621
2648,188.69571352340972
2649,22.69492324287239
2650,209.24436358862295
2651,486.5427799946174
2652,-745.7880666782494
2653,164.6015221590278
2654,-48.990254714412
2655,537.3460159166661
2656,48.86421828845778
2657,-196.63976155681485
2658,167.64302573122586
2659,-56.279537259477365
2660,180.08654354762257
2661,-464.26695180593197
2662,181.1968907055052
2663,237.29608720125907
2664,-39.77271631347139
2665,87.51448766655085
2666,36.87067814598413
2667,370.68931985796553
2668,-322.85483753223343
2669,-216.33199976610922
2670,128.55760641759844
2671,-346.71227855046527
2672,161.2610063520733
2673,-28.45718414692419
2674,110.89999943449948
2675,-408.0746471558632
2676,114.24909081908481
2677,-164.60420022114158
2678,218.72002434978458
2679,-37.63656484371677
2680,219.52218534084022
2681,-28.679903714224565
2682,222.90124040200863
2683,-476.9705884294872
2684,-1220.7949341472267
2685,287.010569496666
2686,-306.6806742155968
2687,82.22800970440949
2688,99.42748923557883
2689,-234.4302609202914
2690,105.1397432910635
2691,112.00469184492795
2692,36.06365337891657
2693,61.16162767944297
2694,-110.51860627664792
2695,332.23016915709195
2696,126.48397293175731
2697,164.66976103086017
2698,-14.253572146171791
2699,-10.846086667652344
2700,156.8480509049332
2701,-160.67169301684044
2702,-483.80417938894607
2703,88.06535794700721
2704,-303.80374034669876
2705,502.7459769292527
2706,-44.53623520828478
2707,61.19903164565039
2708,22.107641901542593
2709,-93.27197740192241
2710,165.48804225403364
2711,-66.63523904658723
2712,-142.9052835032362
2713,-55.301220952047515
2714,-26.018587631313494
2715,124.0445559553882
2716,114.24859175890197
2717,-178.99161178788927
2718,62.053219490675474
2719,220.65553603891567
2720,174.58583942328914
2721,223.2895557848442
2722,91.27293471291341
2723,165.36888401460965
2724,-117.07821655103908
2725,9.466893359291134
2726,60.0125581541688
2727,-176.4872100562643
2728,46.71634534855366
2729,130.08584466369393
2730,256.2468882299145
2731,156.5620593266649
2732,897.7268034809931
2733,144.6083333106817
2734,-22.97176368972032
2735,177.97372291117426
2736,-84.63517713546207
2737,39.38136995994137
2738,594.3932037990198
2739,-372.18606759064096
2740,158.87914773917328
2741,95.29577549327587
2742,241.46336682804395
2743,-58.27617320664285
2744,-161.99966962212056
2745,431.6145626562793
2746,111.7396926332749
2747,1451.6156502677222
2748,-5.019556018300136
2749,-729.8532338416535
2750,677.8572379259258
2751,-160.97395096855507
2752,-56.632538379592006
2753,408.1963264139631
2754,578.2432662701231
2755,61.665622595724926
2756,-231.25336444842833
2757,-110.88772647403857
2758,729.7300790652662
2759,937.4165644598288
2760,178.1145306634171
2761,-10.177527376756188
2762,809.056058067832
2763,60.7151667896469
2764,-298.91681203381813
2765,-29.918543406165554
2766,730.8308813428375
2767,-338.235260043788
2768,-1615.2594092897089
2769,2.2460401284151885
2770,578.6972801058764
2771,450.9813771533518
2772,1439.5672297927413
2773,-752.1040684574255
2774,350.9808208764589
2775,226.80665541448616
2776,-723.9782975221824
2777,427.88502535055886
2778,186.4425433536053
2779,-126.74762465574895
2780,-862.2919126375346
2781,228.4718743903286
2782,-302.92807103498126
2783,-204.03104508360047
2784,749.068063650604
2785,344.03902018476947
2786,108.83604812603153
2787,172.39198533144736
2788,1885.299679924432
2789,1487.993669202071
2790,314.9147455786115
2791,743.284290152169
2792,-345.5364211724591
2793,-677.3267133588706
2794,953.801595440229
2795,-486.66607045143974
2796,452.1598163658091
2797,910.8206658724521
2798,1805.0224226040773
2799,-52.901345117199526
2800,702.1553287492134
2801,299.15483395518095
2802,1412.7495743523068
2803,185.12986634517802
2804,329.7083966447826
2805,2811.69814338626
2806,844.4012681540735
2807,-1492.6502368309302
2808,2566.6300823858837
2809,2851.3140882648877
2810,2613.5639440465457
2811,1268.877773426866
2812,-519.4328509531406
2813,-1898.633018411223
2814,-2727.9892987846833
2815,-1731.5708085326114
2816,3517.6718473855435
2817,1776.7422459170339
2818,-2445.228754718497
2819,-532.8081372741144
2820,-450.44919373615994
2821,791.2008836079112
2822,-490.60091152745736
2823,-517.3746550195938
2824,-4673.793466681742
2825,2044.2130466021226
2826,-889.8214082477571
2827,205.4299759211026
2828,101.80271265218471
2829,206.78938203977305
2830,-2136.5835799077213
2831,2682.8216634979835
2832,1022.4712387607215
2833,48.701042990804126
2834,-1134.7330433479437
2835,341.2035901281997
2836,2079.995576681147
2837,2008.7316907798377
2838,-678.2095425701991
2839,1191.3241470498979
2840,1271.5806398948916
2841,-446.0726044235271
2842,7474.233857038627
2843,261.9907084060542
2844,-1720.8713804950094
2845,2967.268306038168
2846,-401.7755005352592
2847,-472.8941691843647
2848,1666.5824366609595
2849,-709.3874948513621
2850,1339.6498790917321
2851,2905.54193789493
2852,-410.6033055877633
2853,4305.652219897849
2854,338.905718979986
2855,1291.670049008033
2856,-3258.4472324018934
2857,-5718.961462811603
2858,1157.483881878732
2859,-2856.7132635346425
2860,-441.1779732937721
2861,102.03892264108435
2862,-1683.3629394490708
2863,4817.176499549983
2864,-1255.1031696796927
2865,2045.2206793349906
2866,-1850.0062683508659
2867,364.3636815286154
2868,-72.44628996394749
2869,2293.7240279078032
2870,1015.4432923588756
2871,2371.737526644938
2872,1320.2142803082606
2873,1768.3803837094456
2874,-435.00663132266345
2875,3961.3364607943367
2876,-1886.2303667390588
2877,-3623.6383167934982
2878,1024.9240858419653
2879,2184.6722969747643
2880,-1092.5160394218765
2881,320.8610162945188
2882,132.88786244842777
2883,-802.619126593374
2884,-3203.4017868834926
2885,214.73238909935753
2886,-2058.003349947976
2887,-1109.958292066527
2888,3616.1921754669966
2889,799.3176291712734
2890,-104.31678181178722
2891,1906.827366668862
2892,1033.69964228561
2893,148.74555165779748
2894,-16.179044540673203
2895,258.8319394598875
2896,-1999.6201286271316
2897,1168.3959687553215
2898,478.01296964775975
2899,-644.6368687774739
2900,-1927.7613356721413
2901,1931.2266361509755
2902,87.34923732651805
2903,1826.3995535764698
2904,8.628142811518046
2905,-77.00036368250585
2906,3665.655446200959
2907,-769.5528084552934
2908,372.6492134917062
2909,-1682.4728766434928
2910,-1223.43289249386
2911,-3984.9213369353893
2912,-567.7792873163271
2913,573.5625058912992
2914,-2104.6582957528735
2915,-2224.503832348848
2916,-774.441734077307
2917,-1058.0173000424984
2918,-1151.666003149301
2919,4997.364154073526
2920,1013.0092953314452
2921,-181.2009919418706
2922,-1213.9098280124454
2923,4231.807791759122
2924,-15.542654746961489
2925,-1212.2238722945913
2926,599.5550113272984
2927,-3735.930079207901
2928,3967.7300075838575
2929,-924.3407872179741
2930,853.8096034192713
2931,1410.3126462204891
2932,-557.9553957649696
2933,-2312.258699182945
2934,1027.304762040134
2935,-6924.210173464722
2936,-31.966784764408658
2937,-59.532254384233966
2938,-3132.3608393000104
2939,-195.83816929975
2940,-2804.2385375636077
2941,-689.7841502556257
2942,-5803.650045141854
2943,3150.338693828213
2944,-3098.0958949093038
2945,180.68347412810544
2946,-2542.7898735119597
2947,3664.9144953771756
2948,-431.637079745713
2949,1196.1290265222997
2950,-764.0386897740173
2951,-2932.674617812285
2952,-935.141523057071
2953,939.6726067078562
2954,1625.9272457615298
2955,-660.611064139368
2956,1005.64977994543
2957,1465.5982020520605
2958,-2212.5958724084703
2959,-1391.734346558209
2960,287.488509570554
2961,-2383.091067258858
2962,105.76727594649856
2963,3996.4930754270463
2964,-650.3388517399871
2965,386.1276153233266
2966,-1623.2827433291313
2967,3481.5559000268768
2968,1476.807374361575
2969,-246.3105034504042
2970,-2056.7478931369333
2971,-127.83551463023468
2972,-2312.50777056854
2973,-299.4691036434233
2974,205.4351375003098
2975,-4075.1419375053083
2976,795.8032392998357
2977,1194.8790866871132
2978,972.8313115894052
2979,-2732.312637440271
2980,80.83743391182725
2981,2583.319372308466
2982,-50.451147138483066
2983,1412.1515410254433
2984,-797.5073631202904
2985,-1493.9200689274294
2986,273.22031925837655
2987,779.1042228292063
2988,664.3222960707062
2989,-1466.078855709442
2990,221.85559640264546
2991,-217.73517645873653
2992,-998.6764390229873
2993,1037.7195504655683
2994,-266.75927535288065
2995,595.3995421123618
2996,-1037.2836640712412
2997,-586.2705514860245
2998,202.1180726112907
2999,-1152.4630396616521
3000,-326.3857052276908
3001,189.01822233457278
3002,330.7225715378554
3003,-991.182013705311
3004,-956.3081252371812
3005,2411.8773433566566
3006,25.718640206698183
3007,1046.0515055471915
3008,758.0486594540125
3009,1242.5247285902224
3010,1825.793431409773
3011,1794.6756784556346
3012,954.6044738157289
3013,-53.44130522033811
3014,1958.5045394495828
3015,-182.0948743244735
3016,-1839.336845864862
3017,-636.0632503842062
3018,-910.4124961247144
3019,1383.2305631196505
3020,1073.797365351078
3021,1976.755234291726
3022,1845.4404282597388
3023,-894.359740354841
3024,2557.78403593057
3025,-671.4878796698031
3026,12.54610616217542
3027,-1156.850331789683
3028,3222.06073438537
3029,-628.417393150281
3030,-63.84990440184629
3031,-993.2456864869964
3032,-1497.3026894059149
3033,481.0106918655147
3034,1729.5690768844506
3035,2450.8439789262848
3036,-262.18945058451936
3037,316.85571840634657
3038,268.0326181889686
3039,-1577.96957294616
3040,1062.0958513146543
3041,-1773.6331153993378
3042,1854.0326549860765
3043,-146.56605171997944
3044,-29.26652307999757
3045,-1783.0165063681925
3046,211.16607451163145
3047,1487.6349104434994
3048,515.7294421841652
3049,595.7436244547862
3050,78.5016706577735
3051,1683.1764843720084
3052,1043.5937350276363
3053,-5744.635995385732
3054,-910.135555177927
3055,433.9125708204956
3056,-1716.3347841053692
3057,393.8818750612554
3058,998.7300232711059
3059,-1055.384332096677
3060,1995.5980268942658
3061,1051.1007614202827
3062,-307.0593171262153
3063,-650.8152236884343
3064,1037.9688565580582
3065,-895.5877404259227
3066,-4438.092736410588
3067,-2546.3229606648383
3068,3200.5994152954518
3069,1393.6751642262025
3070,-2228.7300603037365
3071,104.68700971732324
3072,480.0060690182145
3073,-1089.5055042363747
3074,-1236.9805306408743
3075,577.2926639574653
3076,2271.658284918136
3077,4322.55012535899
3078,-404.1142535370818
3079,505.2091195114699
3080,977.2611825562199
3081,2408.7619032249568
3082,3746.011517673309
3083,-1520.4097475078815
3084,116.34147922298143
3085,1114.5228639363995
3086,-413.59074103747844
3087,2860.641258953554
3088,-1237.4753950849918
3089,1152.9504199106668
3090,-35.554095386731206
3091,4356.5921592348095
3092,-643.3883021550719
3093,418.13879749814805
3094,434.19828556534776
3095,2499.6758352440665
3096,1719.868989871109
3097,-3696.430617358703
3098,-1511.8160011142536
3099,542.8695024015033
3100,-398.97404349922726
3101,2055.047435118933
3102,-2624.0249378946755
3103,-1963.1874137525374
3104,2126.5543778723586
3105,1515.6422038062592
3106,-445.94105289460276
3107,-365.38854021634324
3108,-350.0372616975219
3109,2125.3777602132395
3110,-116.26660956288833
3111,-1529.1987796656686
3112,-354.3586298718801
3113,413.97372154249024
3114,1491.8715292991328
3115,4463.785351842205
3116,-471.6406094910926
3117,-2084.3205284077776
3118,-55.40924739604088
3119,-573.597212221568
3120,228.28740532820666
3121,988.6424384290003
3122,-1715.1423485030973
3123,-3485.2729300130813
3124,155.09335480027949
3125,-3616.3335288360395
3126,1471.9331781241417
3127,1623.6561517424561
3128,-943.1323888899205
3129,-2752.9224263750148
3130,1361.936320636407
3131,-550.6093274932718
3132,1699.6631367026494
3133,-5070.05411796322
3134,705.6110173921916
3135,2704.25725466352
3136,611.112400039463
3137,-837.4930628875518
3138,158.09151956821734
3139,-661.1039397878485
3140,-2722.3008816434885
3141,-4623.97646280405
3142,106.47918096421199
3143,1193.1069460004073
3144,186.08656981775857
3145,-117.20534176415094
3146,-2644.5860751763394
3147,-582.3078372429445
3148,1938.7381718973702
3149,808.7760246033722
3150,-3354.773649208073
3151,1714.259956842543
3152,526.2979261322253
3153,-1242.3320801897935
3154,-1365.8341368070542
3155,641.3606852823214
3156,-163.00843430075474
3157,309.9595877841857
3158,2028.2090542883961
3159,-389.32161445402016
3160,2144.7193054711825
3161,-11.893912729181466
3162,-225.23393465467962
3163,189.37315740850318
3164,-78.79244479765475
3165,-3048.9197684236715
3166,-1218.1533986399518
3167,684.8737421601327
3168,-872.2173017870009
3169,1496.4265883559783
3170,-428.865508711242
3171,-856.0713071667196
3172,-593.1165888068645
3173,-2290.876763655615
3174,-430.6888311344592
3175,-1689.2616342887413
3176,229.46528133341053
3177,105.69866167344298
3178,7.498069940491405
3179,907.3519648901711
3180,1204.6663066917754
3181,-1373.4673152239484
3182,512.4444991303681
3183,105.79575872865098
3184,-106.85812672892644
3185,-821.4510262079566
3186,97.11767470110499
3187,-645.9073605878366
3188,-1041.869016675897
3189,-4198.88262447888
3190,-1328.3643270004322
3191,1125.9739776343195
3192,467.59770177534665
3193,214.9213684273127
3194,-118.48834373636055
3195,406.399391243991
3196,575.739469857639
3197,379.5997041444498
3198,-1127.146031988159
