Date,Price(USD),Currency
28/04/2013,135.3,bitcoin
29/04/2013,141.96,bitcoin
30/04/2013,135.3,bitcoin
1/05/2013,117,bitcoin
2/05/2013,103.43,bitcoin
3/05/2013,91.01,bitcoin
4/05/2013,111.25,bitcoin
5/05/2013,116.79,bitcoin
6/05/2013,118.33,bitcoin
7/05/2013,106.4,bitcoin
8/05/2013,112.64,bitcoin
9/05/2013,113,bitcoin
10/05/2013,118.78,bitcoin
11/05/2013,113.01,bitcoin
12/05/2013,114.713,bitcoin
13/05/2013,117.18,bitcoin
14/05/2013,114.5,bitcoin
15/05/2013,114.156,bitcoin
16/05/2013,115.5,bitcoin
17/05/2013,123.1,bitcoin
18/05/2013,123.88,bitcoin
19/05/2013,120.501,bitcoin
20/05/2013,122.58,bitcoin
21/05/2013,122.9,bitcoin
22/05/2013,123,bitcoin
23/05/2013,125.748,bitcoin
24/05/2013,131.7,bitcoin
25/05/2013,130.77,bitcoin
26/05/2013,134.6,bitcoin
27/05/2013,128.985,bitcoin
28/05/2013,129.179,bitcoin
29/05/2013,132.13,bitcoin
30/05/2013,127.401,bitcoin
31/05/2013,127.98,bitcoin
1/06/2013,129.09,bitcoin
2/06/2013,121.3,bitcoin
3/06/2013,121.16,bitcoin
5/06/2013,121.309,bitcoin
6/06/2013,121.714,bitcoin
7/06/2013,119,bitcoin
8/06/2013,110.09,bitcoin
9/06/2013,108.401,bitcoin
10/06/2013,99.7497,bitcoin
11/06/2013,105.99,bitcoin
12/06/2013,108.9,bitcoin
13/06/2013,108.4,bitcoin
14/06/2013,102.769,bitcoin
15/06/2013,98.399,bitcoin
16/06/2013,99.99,bitcoin
17/06/2013,100.42,bitcoin
18/06/2013,102,bitcoin
19/06/2013,106.55,bitcoin
20/06/2013,107.9,bitcoin
21/06/2013,110.91,bitcoin
22/06/2013,109.015,bitcoin
23/06/2013,107.25,bitcoin
24/06/2013,108,bitcoin
25/06/2013,102.443,bitcoin
26/06/2013,103.691,bitcoin
27/06/2013,103.39,bitcoin
28/06/2013,99.66,bitcoin
29/06/2013,93.3311,bitcoin
30/06/2013,95.3886,bitcoin
1/07/2013,97.504,bitcoin
2/07/2013,89.489,bitcoin
3/07/2013,90.797,bitcoin
4/07/2013,78.8,bitcoin
5/07/2013,78.48,bitcoin
6/07/2013,67.809,bitcoin
7/07/2013,68.0831,bitcoin
8/07/2013,77.502,bitcoin
9/07/2013,76.3915,bitcoin
10/07/2013,77,bitcoin
11/07/2013,85.75,bitcoin
12/07/2013,93.804,bitcoin
13/07/2013,88.0622,bitcoin
14/07/2013,95.58,bitcoin
15/07/2013,94,bitcoin
16/07/2013,97.301,bitcoin
17/07/2013,98.9796,bitcoin
18/07/2013,97.8,bitcoin
19/07/2013,88.7869,bitcoin
20/07/2013,91.572,bitcoin
21/07/2013,89.28,bitcoin
22/07/2013,90.3672,bitcoin
23/07/2013,91.7024,bitcoin
24/07/2013,94.5806,bitcoin
25/07/2013,94.525,bitcoin
26/07/2013,96.9499,bitcoin
27/07/2013,94.13,bitcoin
28/07/2013,94.005,bitcoin
29/07/2013,98.5759,bitcoin
30/07/2013,101.5,bitcoin
31/07/2013,110.34,bitcoin
1/08/2013,106.23,bitcoin
2/08/2013,101.61,bitcoin
3/08/2013,103.7,bitcoin
4/08/2013,104.86,bitcoin
5/08/2013,106.56,bitcoin
6/08/2013,105.841,bitcoin
7/08/2013,106.75,bitcoin
8/08/2013,101.672,bitcoin
9/08/2013,103.4,bitcoin
10/08/2013,102.71,bitcoin
11/08/2013,103.77,bitcoin
12/08/2013,105.18,bitcoin
13/08/2013,106.068,bitcoin
14/08/2013,111.621,bitcoin
15/08/2013,111.87,bitcoin
16/08/2013,109.867,bitcoin
17/08/2013,112.74,bitcoin
18/08/2013,114.4,bitcoin
19/08/2013,118.782,bitcoin
20/08/2013,120.5,bitcoin
21/08/2013,121.51,bitcoin
22/08/2013,122.499,bitcoin
23/08/2013,120,bitcoin
24/08/2013,120.44,bitcoin
25/08/2013,122,bitcoin
26/08/2013,122.04,bitcoin
27/08/2013,125.67,bitcoin
28/08/2013,123.02,bitcoin
29/08/2013,123.44,bitcoin
30/08/2013,129.2,bitcoin
31/08/2013,137.76,bitcoin
1/09/2013,138.17,bitcoin
2/09/2013,137.17,bitcoin
3/09/2013,137.51,bitcoin
4/09/2013,135.21,bitcoin
5/09/2013,129.96,bitcoin
6/09/2013,126.13,bitcoin
7/09/2013,123.73,bitcoin
8/09/2013,121.77,bitcoin
9/09/2013,126.4,bitcoin
10/09/2013,127.78,bitcoin
11/09/2013,131.65,bitcoin
12/09/2013,134.22,bitcoin
13/09/2013,135.05,bitcoin
14/09/2013,131.39,bitcoin
15/09/2013,129.95,bitcoin
16/09/2013,131.48,bitcoin
17/09/2013,131.31,bitcoin
18/09/2013,132.06,bitcoin
19/09/2013,130.23,bitcoin
20/09/2013,128.57,bitcoin
21/09/2013,126.78,bitcoin
22/09/2013,128.37,bitcoin
23/09/2013,126.73,bitcoin
24/09/2013,126.09,bitcoin
25/09/2013,127.99,bitcoin
26/09/2013,128.02,bitcoin
27/09/2013,131.84,bitcoin
28/09/2013,133.93,bitcoin
29/09/2013,140.28,bitcoin
30/09/2013,131.65,bitcoin
1/10/2013,132.55,bitcoin
2/10/2013,132.04,bitcoin
3/10/2013,123.07,bitcoin
4/10/2013,128.26,bitcoin
5/10/2013,129.57,bitcoin
6/10/2013,127.56,bitcoin
7/10/2013,128.38,bitcoin
8/10/2013,125.72,bitcoin
9/10/2013,130.9,bitcoin
10/10/2013,129.68,bitcoin
11/10/2013,130.27,bitcoin
12/10/2013,135.35,bitcoin
13/10/2013,135.48,bitcoin
14/10/2013,140.48,bitcoin
15/10/2013,143.89,bitcoin
16/10/2013,143.61,bitcoin
17/10/2013,146.15,bitcoin
18/10/2013,151.34,bitcoin
19/10/2013,170.51,bitcoin
20/10/2013,172.01,bitcoin
21/10/2013,181.41,bitcoin
22/10/2013,193.45,bitcoin
23/10/2013,206.78,bitcoin
24/10/2013,198.8,bitcoin
25/10/2013,172.48,bitcoin
26/10/2013,178.96,bitcoin
27/10/2013,189.83,bitcoin
28/10/2013,198.55,bitcoin
29/10/2013,204.39,bitcoin
30/10/2013,204.2,bitcoin
31/10/2013,203.88,bitcoin
1/11/2013,205.26,bitcoin
2/11/2013,206.89,bitcoin
3/11/2013,212.45,bitcoin
4/11/2013,226.28,bitcoin
5/11/2013,230.63,bitcoin
6/11/2013,260.85,bitcoin
7/11/2013,295.63,bitcoin
8/11/2013,332.02,bitcoin
9/11/2013,358,bitcoin
10/11/2013,313,bitcoin
11/11/2013,340.55,bitcoin
12/11/2013,355.48,bitcoin
13/11/2013,404.17,bitcoin
14/11/2013,408.84,bitcoin
15/11/2013,424.16,bitcoin
16/11/2013,437.41,bitcoin
17/11/2013,488.36,bitcoin
18/11/2013,580.87,bitcoin
19/11/2013,614.4,bitcoin
20/11/2013,565.34,bitcoin
21/11/2013,675.06,bitcoin
22/11/2013,731.15,bitcoin
23/11/2013,819.31,bitcoin
24/11/2013,764.43,bitcoin
25/11/2013,793.07,bitcoin
26/11/2013,832.93,bitcoin
27/11/2013,914.13,bitcoin
28/11/2013,979.08,bitcoin
29/11/2013,1101.83,bitcoin
30/11/2013,1127.45,bitcoin
1/12/2013,1033.39,bitcoin
2/12/2013,974.03,bitcoin
3/12/2013,1078.64,bitcoin
4/12/2013,1121.48,bitcoin
5/12/2013,989.04,bitcoin
6/12/2013,1019.66,bitcoin
7/12/2013,811.98,bitcoin
8/12/2013,743.11,bitcoin
9/12/2013,897.89,bitcoin
10/12/2013,927.78,bitcoin
11/12/2013,887.08,bitcoin
12/12/2013,878.17,bitcoin
13/12/2013,897.27,bitcoin
14/12/2013,866.99,bitcoin
15/12/2013,854.62,bitcoin
16/12/2013,789.15,bitcoin
17/12/2013,691.65,bitcoin
18/12/2013,559.36,bitcoin
19/12/2013,677.84,bitcoin
20/12/2013,694.25,bitcoin
21/12/2013,596.12,bitcoin
22/12/2013,650.27,bitcoin
23/12/2013,645.75,bitcoin
24/12/2013,659.94,bitcoin
25/12/2013,668.74,bitcoin
26/12/2013,734.59,bitcoin
27/12/2013,734.27,bitcoin
28/12/2013,738.81,bitcoin
29/12/2013,726.47,bitcoin
30/12/2013,760.52,bitcoin
31/12/2013,755.16,bitcoin
1/01/2014,767.74,bitcoin
2/01/2014,772.53,bitcoin
3/01/2014,825.47,bitcoin
4/01/2014,849.14,bitcoin
5/01/2014,919.41,bitcoin
6/01/2014,936.38,bitcoin
7/01/2014,826.5,bitcoin
8/01/2014,838.32,bitcoin
9/01/2014,853.29,bitcoin
10/01/2014,863.3,bitcoin
11/01/2014,905.72,bitcoin
12/01/2014,867.45,bitcoin
13/01/2014,840.96,bitcoin
14/01/2014,838.05,bitcoin
15/01/2014,860.44,bitcoin
16/01/2014,837.98,bitcoin
17/01/2014,812.9,bitcoin
18/01/2014,840,bitcoin
19/01/2014,838.17,bitcoin
20/01/2014,869.15,bitcoin
21/01/2014,869.57,bitcoin
22/01/2014,865.03,bitcoin
23/01/2014,846.97,bitcoin
24/01/2014,808.32,bitcoin
25/01/2014,804.39,bitcoin
26/01/2014,853.51,bitcoin
27/01/2014,891.86,bitcoin
28/01/2014,777,bitcoin
29/01/2014,816.85,bitcoin
30/01/2014,817.17,bitcoin
31/01/2014,817.93,bitcoin
1/02/2014,832.52,bitcoin
2/02/2014,836.41,bitcoin
3/02/2014,813.38,bitcoin
4/02/2014,832.36,bitcoin
5/02/2014,830.92,bitcoin
6/02/2014,805.08,bitcoin
7/02/2014,721.32,bitcoin
8/02/2014,701.61,bitcoin
9/02/2014,672.07,bitcoin
10/02/2014,689.65,bitcoin
11/02/2014,697.76,bitcoin
12/02/2014,655.26,bitcoin
13/02/2014,651.91,bitcoin
14/02/2014,623.57,bitcoin
15/02/2014,644.1,bitcoin
16/02/2014,613.85,bitcoin
17/02/2014,645.14,bitcoin
18/02/2014,625.01,bitcoin
19/02/2014,620.99,bitcoin
20/02/2014,593.89,bitcoin
21/02/2014,582.75,bitcoin
22/02/2014,571.06,bitcoin
23/02/2014,622.97,bitcoin
24/02/2014,572.39,bitcoin
25/02/2014,489.31,bitcoin
26/02/2014,567.25,bitcoin
27/02/2014,586.28,bitcoin
28/02/2014,567.2,bitcoin
1/03/2014,560.11,bitcoin
2/03/2014,561.35,bitcoin
3/03/2014,585.79,bitcoin
4/03/2014,675,bitcoin
5/03/2014,658.24,bitcoin
6/03/2014,654.55,bitcoin
7/03/2014,617.62,bitcoin
8/03/2014,610.37,bitcoin
9/03/2014,636.17,bitcoin
10/03/2014,621.17,bitcoin
11/03/2014,624.23,bitcoin
12/03/2014,638.07,bitcoin
13/03/2014,639.03,bitcoin
14/03/2014,629.67,bitcoin
15/03/2014,638.07,bitcoin
16/03/2014,629.55,bitcoin
17/03/2014,623.705,bitcoin
18/03/2014,612.622,bitcoin
19/03/2014,610.636,bitcoin
20/03/2014,592.07,bitcoin
21/03/2014,582.303,bitcoin
22/03/2014,561.22,bitcoin
23/03/2014,567.779,bitcoin
24/03/2014,571.418,bitcoin
25/03/2014,582.55,bitcoin
26/03/2014,584.442,bitcoin
27/03/2014,567.64,bitcoin
28/03/2014,503.661,bitcoin
29/03/2014,502.302,bitcoin
30/03/2014,469.938,bitcoin
31/03/2014,457.399,bitcoin
1/04/2014,478.7163,bitcoin
2/04/2014,437.515,bitcoin
3/04/2014,447.0822,bitcoin
4/04/2014,448.8792,bitcoin
5/04/2014,464.8259,bitcoin
6/04/2014,460.7028,bitcoin
7/04/2014,457.792,bitcoin
8/04/2014,450.4638,bitcoin
9/04/2014,440.1983,bitcoin
10/04/2014,360.8407,bitcoin
11/04/2014,420.0563,bitcoin
12/04/2014,420.66,bitcoin
13/04/2014,414.9495,bitcoin
14/04/2014,457.6338,bitcoin
15/04/2014,520.1233,bitcoin
16/04/2014,529.1625,bitcoin
17/04/2014,494.4,bitcoin
18/04/2014,478.2312,bitcoin
19/04/2014,501.5515,bitcoin
20/04/2014,497.3177,bitcoin
21/04/2014,492.6733,bitcoin
22/04/2014,484.8533,bitcoin
23/04/2014,487.525,bitcoin
24/04/2014,494.2733,bitcoin
25/04/2014,458.8067,bitcoin
26/04/2014,453.8,bitcoin
27/04/2014,437.9216,bitcoin
28/04/2014,436.92,bitcoin
29/04/2014,443.27,bitcoin
30/04/2014,444.9968,bitcoin
1/05/2014,455.0913,bitcoin
2/05/2014,443.4734,bitcoin
3/05/2014,434.0333,bitcoin
4/05/2014,433.9432,bitcoin
5/05/2014,429.0761,bitcoin
6/05/2014,426.7634,bitcoin
7/05/2014,439.3,bitcoin
8/05/2014,437.3633,bitcoin
9/05/2014,447.4933,bitcoin
10/05/2014,452.505,bitcoin
11/05/2014,436.2833,bitcoin
12/05/2014,439.19,bitcoin
13/05/2014,437.305,bitcoin
14/05/2014,444.2467,bitcoin
15/05/2014,444.25,bitcoin
16/05/2014,445.165,bitcoin
17/05/2014,445.8533,bitcoin
18/05/2014,444.2133,bitcoin
19/05/2014,443.87,bitcoin
20/05/2014,483.4167,bitcoin
21/05/2014,488.7717,bitcoin
22/05/2014,522.6083,bitcoin
23/05/2014,524.475,bitcoin
24/05/2014,523.1083,bitcoin
25/05/2014,569.3767,bitcoin
26/05/2014,579.6217,bitcoin
27/05/2014,569.475,bitcoin
28/05/2014,571.5533,bitcoin
29/05/2014,565.26,bitcoin
30/05/2014,621.1467,bitcoin
31/05/2014,620.5,bitcoin
1/06/2014,640.1617,bitcoin
2/06/2014,656.41,bitcoin
3/06/2014,667.3683,bitcoin
4/06/2014,641.1833,bitcoin
5/06/2014,658.1,bitcoin
6/06/2014,648.63,bitcoin
7/06/2014,651.7083,bitcoin
8/06/2014,649.8983,bitcoin
9/06/2014,643.905,bitcoin
10/06/2014,649.0567,bitcoin
11/06/2014,630.0367,bitcoin
12/06/2014,567.175,bitcoin
13/06/2014,594.6833,bitcoin
14/06/2014,570.0033,bitcoin
15/06/2014,583.41,bitcoin
16/06/2014,592.52,bitcoin
17/06/2014,607.1583,bitcoin
18/06/2014,604.19,bitcoin
19/06/2014,593.3883,bitcoin
20/06/2014,590.055,bitcoin
21/06/2014,591.2567,bitcoin
22/06/2014,595.0367,bitcoin
23/06/2014,586.1483,bitcoin
24/06/2014,582.415,bitcoin
25/06/2014,561.4717,bitcoin
26/06/2014,579.5867,bitcoin
27/06/2014,598.2367,bitcoin
28/06/2014,594.8717,bitcoin
29/06/2014,598.4883,bitcoin
30/06/2014,637.755,bitcoin
1/07/2014,643.935,bitcoin
2/07/2014,648.1075,bitcoin
3/07/2014,640.2838,bitcoin
4/07/2014,627.1288,bitcoin
5/07/2014,627.5813,bitcoin
6/07/2014,631.0025,bitcoin
7/07/2014,619.495,bitcoin
8/07/2014,620.0475,bitcoin
9/07/2014,620.16,bitcoin
10/07/2014,615.1275,bitcoin
11/07/2014,630.835,bitcoin
12/07/2014,633.6389952,bitcoin
13/07/2014,627.4623228,bitcoin
14/07/2014,618.2050265,bitcoin
15/07/2014,618.9525,bitcoin
16/07/2014,614.1475,bitcoin
17/07/2014,622.895,bitcoin
18/07/2014,627.0188,bitcoin
19/07/2014,626.1763,bitcoin
20/07/2014,620.5138,bitcoin
21/07/2014,619.9088,bitcoin
22/07/2014,619.0063,bitcoin
23/07/2014,617.9425,bitcoin
24/07/2014,599.8088,bitcoin
25/07/2014,600.0963,bitcoin
26/07/2014,593.775,bitcoin
27/07/2014,590.3788,bitcoin
28/07/2014,585.2788,bitcoin
29/07/2014,581.7138,bitcoin
30/07/2014,560.7913,bitcoin
31/07/2014,583.1821057,bitcoin
1/08/2014,593.8655274,bitcoin
2/08/2014,588.2306992,bitcoin
3/08/2014,585.5731941,bitcoin
4/08/2014,586.3686859,bitcoin
5/08/2014,582.4186268,bitcoin
6/08/2014,583.325,bitcoin
7/08/2014,587.203159,bitcoin
8/08/2014,590.9072702,bitcoin
9/08/2014,588.107856,bitcoin
10/08/2014,588.5004826,bitcoin
11/08/2014,573.4063,bitcoin
12/08/2014,567.4023482,bitcoin
13/08/2014,543.6675,bitcoin
14/08/2014,503.7088,bitcoin
15/08/2014,492.2844983,bitcoin
16/08/2014,521.0463,bitcoin
17/08/2014,494.7813,bitcoin
18/08/2014,459.8863,bitcoin
19/08/2014,484.155,bitcoin
20/08/2014,514.1863,bitcoin
21/08/2014,515.605,bitcoin
22/08/2014,515.8263,bitcoin
23/08/2014,496.5688,bitcoin
24/08/2014,508.1138,bitcoin
25/08/2014,500.3863,bitcoin
26/08/2014,510.6388,bitcoin
27/08/2014,510.4463,bitcoin
28/08/2014,506.915,bitcoin
29/08/2014,508.0963,bitcoin
30/08/2014,501.53,bitcoin
31/08/2014,480.0263,bitcoin
1/09/2014,475.82,bitcoin
2/09/2014,474.6938,bitcoin
3/09/2014,474.7263,bitcoin
4/09/2014,489.5475,bitcoin
5/09/2014,480.2425,bitcoin
6/09/2014,482.3588,bitcoin
7/09/2014,480.6025,bitcoin
8/09/2014,471.125,bitcoin
9/09/2014,471.7538,bitcoin
10/09/2014,477.1138,bitcoin
11/09/2014,476.3775,bitcoin
12/09/2014,473.6875,bitcoin
13/09/2014,476.0013,bitcoin
14/09/2014,474.795,bitcoin
15/09/2014,473.0313,bitcoin
16/09/2014,462.5925,bitcoin
17/09/2014,454.6238,bitcoin
18/09/2014,423.565,bitcoin
19/09/2014,393.2625,bitcoin
20/09/2014,408.5025,bitcoin
21/09/2014,396.62,bitcoin
22/09/2014,398.3113,bitcoin
23/09/2014,433.7513,bitcoin
24/09/2014,420.92,bitcoin
25/09/2014,407.9775,bitcoin
26/09/2014,402.88,bitcoin
27/09/2014,398.0075,bitcoin
28/09/2014,375.9888,bitcoin
29/09/2014,373.0888,bitcoin
30/09/2014,387.3513,bitcoin
1/10/2014,380.895,bitcoin
2/10/2014,371.8413,bitcoin
3/10/2014,356.19,bitcoin
4/10/2014,327.8813,bitcoin
5/10/2014,325.11,bitcoin
6/10/2014,328.73,bitcoin
7/10/2014,331.7238,bitcoin
8/10/2014,353.3901,bitcoin
9/10/2014,358.395,bitcoin
10/10/2014,357.555,bitcoin
11/10/2014,359.515,bitcoin
12/10/2014,374.1675,bitcoin
13/10/2014,387.0388,bitcoin
14/10/2014,398.2888,bitcoin
15/10/2014,392.19,bitcoin
16/10/2014,379.3913,bitcoin
17/10/2014,380.2925,bitcoin
18/10/2014,389.1163,bitcoin
19/10/2014,386.945,bitcoin
20/10/2014,379.77,bitcoin
21/10/2014,382.4138,bitcoin
22/10/2014,379.4425,bitcoin
23/10/2014,356.2,bitcoin
24/10/2014,354.3175,bitcoin
25/10/2014,347.0304941,bitcoin
26/10/2014,350.1888,bitcoin
27/10/2014,348.29,bitcoin
28/10/2014,351.5638,bitcoin
29/10/2014,333.1475,bitcoin
30/10/2014,343.6675,bitcoin
31/10/2014,336.5879758,bitcoin
1/11/2014,323.9763,bitcoin
2/11/2014,323.985,bitcoin
3/11/2014,323.995,bitcoin
4/11/2014,328.0083,bitcoin
5/11/2014,337.5933,bitcoin
6/11/2014,347.8183,bitcoin
7/11/2014,341.2317,bitcoin
8/11/2014,344.1783,bitcoin
9/11/2014,363.4241291,bitcoin
10/11/2014,363.765,bitcoin
11/11/2014,366.15,bitcoin
12/11/2014,418.5783,bitcoin
13/11/2014,414.7083,bitcoin
14/11/2014,395.245,bitcoin
15/11/2014,377.3267,bitcoin
16/11/2014,387.6233,bitcoin
17/11/2014,384.9,bitcoin
18/11/2014,374.8683,bitcoin
19/11/2014,376.7883,bitcoin
20/11/2014,355.3888346,bitcoin
21/11/2014,349.3882854,bitcoin
22/11/2014,351.55,bitcoin
23/11/2014,366.7817,bitcoin
24/11/2014,377.7417,bitcoin
25/11/2014,375.248,bitcoin
26/11/2014,365.766,bitcoin
27/11/2014,368.448,bitcoin
28/11/2014,376.951,bitcoin
29/11/2014,374.965,bitcoin
30/11/2014,376.472,bitcoin
1/12/2014,379.489,bitcoin
2/12/2014,381.3768,bitcoin
3/12/2014,374.103,bitcoin
4/12/2014,368.2282,bitcoin
5/12/2014,376.379,bitcoin
6/12/2014,373.671,bitcoin
7/12/2014,374.448,bitcoin
8/12/2014,361.433,bitcoin
9/12/2014,350.928,bitcoin
10/12/2014,346.9798718,bitcoin
11/12/2014,346.909,bitcoin
12/12/2014,351.502,bitcoin
13/12/2014,347.484,bitcoin
14/12/2014,350.133,bitcoin
15/12/2014,344.615,bitcoin
16/12/2014,328.534,bitcoin
17/12/2014,318.828,bitcoin
18/12/2014,309.765,bitcoin
19/12/2014,317.54,bitcoin
20/12/2014,328.774,bitcoin
21/12/2014,319.501,bitcoin
22/12/2014,329.886,bitcoin
23/12/2014,333.97,bitcoin
24/12/2014,322.194,bitcoin
25/12/2014,318.166,bitcoin
26/12/2014,327.7169709,bitcoin
27/12/2014,314.568,bitcoin
28/12/2014,316.491,bitcoin
29/12/2014,312.633,bitcoin
30/12/2014,310.079,bitcoin
31/12/2014,317.379,bitcoin
1/01/2015,313.992,bitcoin
2/01/2015,314.446,bitcoin
3/01/2015,286.572,bitcoin
4/01/2015,260.936,bitcoin
5/01/2015,273.22,bitcoin
6/01/2015,285.3738,bitcoin
7/01/2015,295.8725,bitcoin
8/01/2015,284.4525,bitcoin
9/01/2015,289.5738,bitcoin
10/01/2015,274.533,bitcoin
11/01/2015,267.184,bitcoin
12/01/2015,268.3536677,bitcoin
13/01/2015,221.436,bitcoin
14/01/2015,172.1479,bitcoin
15/01/2015,210.5559,bitcoin
16/01/2015,205.816,bitcoin
17/01/2015,199.4914,bitcoin
18/01/2015,208.9892,bitcoin
19/01/2015,214.545,bitcoin
20/01/2015,210.5137,bitcoin
21/01/2015,224.0451,bitcoin
22/01/2015,232.0423,bitcoin
23/01/2015,232.898,bitcoin
24/01/2015,248.096,bitcoin
25/01/2015,253.8389,bitcoin
26/01/2015,271.2882,bitcoin
27/01/2015,259.2356,bitcoin
29/01/2015,232.5329422,bitcoin
30/01/2015,228.6354,bitcoin
31/01/2015,218.0233,bitcoin
1/02/2015,226.2697,bitcoin
2/02/2015,240.0193,bitcoin
3/02/2015,226.0119,bitcoin
4/02/2015,225.3083,bitcoin
5/02/2015,216.9136,bitcoin
6/02/2015,222.4872,bitcoin
7/02/2015,227.2051,bitcoin
8/02/2015,222.9061,bitcoin
9/02/2015,220.0922,bitcoin
10/02/2015,220.6493,bitcoin
11/02/2015,219.0956,bitcoin
12/02/2015,222.0401588,bitcoin
13/02/2015,235.6774,bitcoin
14/02/2015,259.0086,bitcoin
15/02/2015,232.9962,bitcoin
16/02/2015,235.9199,bitcoin
17/02/2015,242.4568,bitcoin
18/02/2015,234.6238,bitcoin
19/02/2015,240.2988,bitcoin
20/02/2015,244.0821,bitcoin
21/02/2015,244.1459,bitcoin
22/02/2015,235.553,bitcoin
23/02/2015,238.1319,bitcoin
24/02/2015,238.7314,bitcoin
25/02/2015,237.378,bitcoin
26/02/2015,236.1711558,bitcoin
27/02/2015,253.8991,bitcoin
28/02/2015,253.5991,bitcoin
1/03/2015,257.7075,bitcoin
2/03/2015,269.9615,bitcoin
3/03/2015,280.6242,bitcoin
4/03/2015,273.0193,bitcoin
5/03/2015,274.8255,bitcoin
6/03/2015,272.3413,bitcoin
7/03/2015,275.5846387,bitcoin
8/03/2015,274.578,bitcoin
9/03/2015,289.2957,bitcoin
10/03/2015,290.3057,bitcoin
11/03/2015,295.961,bitcoin
12/03/2015,293.9203,bitcoin
13/03/2015,288.0365,bitcoin
14/03/2015,281.4887,bitcoin
15/03/2015,285.2645,bitcoin
16/03/2015,290.0955,bitcoin
17/03/2015,284.3491,bitcoin
18/03/2015,255.6062,bitcoin
19/03/2015,260.0037,bitcoin
20/03/2015,260.9075,bitcoin
21/03/2015,259.4899,bitcoin
22/03/2015,267.7981,bitcoin
23/03/2015,266.0272,bitcoin
24/03/2015,245.1679,bitcoin
25/03/2015,246.2715,bitcoin
26/03/2015,247.5595,bitcoin
27/03/2015,247.1476,bitcoin
28/03/2015,252.0497,bitcoin
29/03/2015,241.9137,bitcoin
30/03/2015,246.5418,bitcoin
31/03/2015,243.2692,bitcoin
1/04/2015,246.7755,bitcoin
2/04/2015,252.341,bitcoin
3/04/2015,253.6227,bitcoin
4/04/2015,253.3213,bitcoin
5/04/2015,259.7118,bitcoin
6/04/2015,255.4233,bitcoin
7/04/2015,253.2085,bitcoin
8/04/2015,244.2709,bitcoin
9/04/2015,243.2006549,bitcoin
10/04/2015,234.5253,bitcoin
11/04/2015,236.4501,bitcoin
12/04/2015,235.7386,bitcoin
13/04/2015,223.9464,bitcoin
14/04/2015,217.9995,bitcoin
15/04/2015,223.0161,bitcoin
16/04/2015,227.9995,bitcoin
17/04/2015,222.4171383,bitcoin
18/04/2015,222.9537,bitcoin
19/04/2015,222.6812,bitcoin
20/04/2015,224.3086,bitcoin
21/04/2015,234.6867,bitcoin
22/04/2015,233.7807,bitcoin
23/04/2015,235.1735,bitcoin
24/04/2015,230.9863,bitcoin
25/04/2015,225.9568,bitcoin
26/04/2015,218.5065,bitcoin
27/04/2015,228.5712,bitcoin
28/04/2015,225.6423,bitcoin
29/04/2015,225.9978,bitcoin
30/04/2015,236.2208,bitcoin
1/05/2015,232.7403,bitcoin
2/05/2015,235.1563,bitcoin
3/05/2015,239.882,bitcoin
4/05/2015,238.9706,bitcoin
5/05/2015,236.0015,bitcoin
6/05/2015,229.8152,bitcoin
7/05/2015,236.845,bitcoin
8/05/2015,243.657,bitcoin
9/05/2015,241.5321,bitcoin
10/05/2015,239.5548,bitcoin
11/05/2015,241.8506,bitcoin
12/05/2015,241.5189,bitcoin
13/05/2015,235.4793,bitcoin
14/05/2015,236.704,bitcoin
15/05/2015,236.9908,bitcoin
16/05/2015,235.9781,bitcoin
17/05/2015,236.0847,bitcoin
18/05/2015,232.4757,bitcoin
19/05/2015,231.9446,bitcoin
20/05/2015,234.048,bitcoin
21/05/2015,235.4205,bitcoin
22/05/2015,240.9352,bitcoin
23/05/2015,239.0329941,bitcoin
24/05/2015,241.2417,bitcoin
25/05/2015,237.441,bitcoin
26/05/2015,237.4971,bitcoin
27/05/2015,237.2305,bitcoin
28/05/2015,237.4891,bitcoin
29/05/2015,237.0714,bitcoin
30/05/2015,233.4572,bitcoin
31/05/2015,229.6785,bitcoin
1/06/2015,223.3178,bitcoin
2/06/2015,225.7387,bitcoin
3/06/2015,225.4831,bitcoin
4/06/2015,224.1748,bitcoin
5/06/2015,224.7413,bitcoin
6/06/2015,225.2889,bitcoin
7/06/2015,223.6157,bitcoin
8/06/2015,228.7013,bitcoin
9/06/2015,229.5264,bitcoin
10/06/2015,229.0022,bitcoin
11/06/2015,229.9343,bitcoin
12/06/2015,230.5181,bitcoin
13/06/2015,232.6301,bitcoin
14/06/2015,233.6681,bitcoin
15/06/2015,237.2013,bitcoin
16/06/2015,250.4743,bitcoin
17/06/2015,247.6944,bitcoin
18/06/2015,248.552,bitcoin
19/06/2015,242.9967,bitcoin
20/06/2015,245.4754,bitcoin
21/06/2015,243.9959,bitcoin
22/06/2015,247.279,bitcoin
23/06/2015,243.8486,bitcoin
24/06/2015,240.5377,bitcoin
25/06/2015,242.4769,bitcoin
26/06/2015,242.4819,bitcoin
27/06/2015,250.621,bitcoin
28/06/2015,248.3451,bitcoin
29/06/2015,256.303874,bitcoin
30/06/2015,262.4063255,bitcoin
1/07/2015,257.5058,bitcoin
2/07/2015,254.6537509,bitcoin
3/07/2015,255.161,bitcoin
4/07/2015,260.415,bitcoin
5/07/2015,271.0401208,bitcoin
6/07/2015,268.595,bitcoin
7/07/2015,265.384452,bitcoin
8/07/2015,269.6130164,bitcoin
9/07/2015,268.8928,bitcoin
10/07/2015,285.0223,bitcoin
11/07/2015,291.8907432,bitcoin
12/07/2015,310.1915636,bitcoin
13/07/2015,290.6655,bitcoin
14/07/2015,286.6654,bitcoin
15/07/2015,283.9491881,bitcoin
16/07/2015,276.6801,bitcoin
17/07/2015,278.3728,bitcoin
18/07/2015,274.4839,bitcoin
19/07/2015,272.8061796,bitcoin
20/07/2015,277.2454,bitcoin
21/07/2015,274.9428877,bitcoin
22/07/2015,276.1756,bitcoin
23/07/2015,275.6135,bitcoin
24/07/2015,288.4447168,bitcoin
25/07/2015,288.3881586,bitcoin
26/07/2015,291.7037645,bitcoin
27/07/2015,292.6148,bitcoin
28/07/2015,293.9933,bitcoin
29/07/2015,288.7194991,bitcoin
30/07/2015,286.8366,bitcoin
31/07/2015,283.6760591,bitcoin
1/08/2015,280.7014,bitcoin
2/08/2015,281.7267,bitcoin
3/08/2015,281.8298708,bitcoin
4/08/2015,284.2393,bitcoin
5/08/2015,281.4010624,bitcoin
6/08/2015,278.0134,bitcoin
7/08/2015,278.5088138,bitcoin
8/08/2015,259.8007284,bitcoin
9/08/2015,264.3384834,bitcoin
10/08/2015,263.5782,bitcoin
11/08/2015,269.8668,bitcoin
12/08/2015,267.7126,bitcoin
13/08/2015,263.6558186,bitcoin
14/08/2015,265.1281,bitcoin
15/08/2015,260.4762323,bitcoin
16/08/2015,257.8158,bitcoin
17/08/2015,257.0634,bitcoin
18/08/2015,253.0766,bitcoin
19/08/2015,225.9602,bitcoin
20/08/2015,234.6379,bitcoin
21/08/2015,232.3324,bitcoin
22/08/2015,229.1488,bitcoin
23/08/2015,227.2454,bitcoin
24/08/2015,210.0943851,bitcoin
25/08/2015,221.3283,bitcoin
26/08/2015,225.2666,bitcoin
27/08/2015,222.9704,bitcoin
28/08/2015,231.6583,bitcoin
29/08/2015,228.4683,bitcoin
30/08/2015,228.0672,bitcoin
31/08/2015,230.0781,bitcoin
1/09/2015,227.1631,bitcoin
2/09/2015,228.6428,bitcoin
3/09/2015,226.5658,bitcoin
4/09/2015,230.0509,bitcoin
5/09/2015,234.7495,bitcoin
6/09/2015,239.1289,bitcoin
7/09/2015,240.503,bitcoin
8/09/2015,243.5587,bitcoin
9/09/2015,237.9452,bitcoin
10/09/2015,238.7763,bitcoin
11/09/2015,240.0007956,bitcoin
12/09/2015,234.9098,bitcoin
13/09/2015,230.5048,bitcoin
14/09/2015,230.21,bitcoin
15/09/2015,229.9118,bitcoin
16/09/2015,228.464,bitcoin
17/09/2015,232.746,bitcoin
18/09/2015,232.354,bitcoin
19/09/2015,231.2733,bitcoin
20/09/2015,230.6597,bitcoin
21/09/2015,226.4528,bitcoin
22/09/2015,229.8831,bitcoin
23/09/2015,229.8658,bitcoin
24/09/2015,233.9255,bitcoin
25/09/2015,234.9767,bitcoin
26/09/2015,234.5279,bitcoin
27/09/2015,232.8347,bitcoin
28/09/2015,239.2765,bitcoin
29/09/2015,237.2262,bitcoin
30/09/2015,236.0463,bitcoin
1/10/2015,237.7358,bitcoin
2/10/2015,237.2593,bitcoin
3/10/2015,238.9718,bitcoin
4/10/2015,238.6566,bitcoin
5/10/2015,240.3238,bitcoin
6/10/2015,246.444,bitcoin
7/10/2015,243.2229,bitcoin
8/10/2015,242.9008,bitcoin
9/10/2015,244.2051,bitcoin
10/10/2015,245.3209,bitcoin
11/10/2015,247.5392,bitcoin
12/10/2015,245.5661,bitcoin
13/10/2015,249.4051,bitcoin
14/10/2015,252.6956,bitcoin
15/10/2015,254.6295531,bitcoin
16/10/2015,262.3735,bitcoin
17/10/2015,270.3646,bitcoin
18/10/2015,262.2345,bitcoin
19/10/2015,264.2094,bitcoin
20/10/2015,270.2664,bitcoin
21/10/2015,267.0187,bitcoin
22/10/2015,273.573,bitcoin
23/10/2015,277.3884,bitcoin
24/10/2015,282.9566,bitcoin
25/10/2015,284.749,bitcoin
26/10/2015,285.5159,bitcoin
27/10/2015,294.8094,bitcoin
28/10/2015,303.6366,bitcoin
29/10/2015,313.9073,bitcoin
30/10/2015,325.8006,bitcoin
31/10/2015,312.2783,bitcoin
1/11/2015,324.9971,bitcoin
2/11/2015,350.7678,bitcoin
3/11/2015,398.2369,bitcoin
4/11/2015,404.3588,bitcoin
5/11/2015,387.473,bitcoin
6/11/2015,372.826,bitcoin
7/11/2015,387.06,bitcoin
8/11/2015,371.502,bitcoin
9/11/2015,380.644,bitcoin
10/11/2015,336.873,bitcoin
11/11/2015,305.983,bitcoin
12/11/2015,337.955,bitcoin
13/11/2015,337.372,bitcoin
14/11/2015,331.501,bitcoin
15/11/2015,320.484,bitcoin
16/11/2015,331.353,bitcoin
17/11/2015,335.111,bitcoin
18/11/2015,335.447,bitcoin
19/11/2015,325.568,bitcoin
20/11/2015,321.417,bitcoin
21/11/2015,325.159,bitcoin
22/11/2015,323.395,bitcoin
23/11/2015,322.829,bitcoin
24/11/2015,319.979,bitcoin
25/11/2015,328.169,bitcoin
26/11/2015,356.245,bitcoin
27/11/2015,359.011,bitcoin
28/11/2015,356.212,bitcoin
29/11/2015,371.488,bitcoin
30/11/2015,378.265,bitcoin
1/12/2015,363.45,bitcoin
2/12/2015,358.82,bitcoin
3/12/2015,360.954,bitcoin
4/12/2015,362.767,bitcoin
5/12/2015,390.645,bitcoin
6/12/2015,394.011,bitcoin
7/12/2015,394.355,bitcoin
8/12/2015,412.93,bitcoin
9/12/2015,417.368,bitcoin
10/12/2015,416.91,bitcoin
11/12/2015,452.415,bitcoin
12/12/2015,434.903,bitcoin
13/12/2015,435.815,bitcoin
14/12/2015,443.277,bitcoin
15/12/2015,464.999,bitcoin
16/12/2015,453.914,bitcoin
17/12/2015,456.473,bitcoin
18/12/2015,463.816,bitcoin
19/12/2015,462.053,bitcoin
20/12/2015,441.129,bitcoin
21/12/2015,437.809,bitcoin
22/12/2015,436.237,bitcoin
23/12/2015,442.821,bitcoin
24/12/2015,454.907,bitcoin
25/12/2015,455.742,bitcoin
26/12/2015,417.092,bitcoin
27/12/2015,423.925,bitcoin
28/12/2015,420.708,bitcoin
29/12/2015,432.154,bitcoin
30/12/2015,426.811,bitcoin
31/12/2015,431.139,bitcoin
1/01/2016,434.427,bitcoin
2/01/2016,434.326,bitcoin
3/01/2016,430.198,bitcoin
4/01/2016,433.534,bitcoin
5/01/2016,432.115,bitcoin
6/01/2016,431.343,bitcoin
7/01/2016,456.434,bitcoin
8/01/2016,454.6963,bitcoin
9/01/2016,448.709,bitcoin
10/01/2016,447.207,bitcoin
11/01/2016,448.349,bitcoin
12/01/2016,445.792,bitcoin
13/01/2016,432.12,bitcoin
14/01/2016,429.243,bitcoin
15/01/2016,365.912,bitcoin
16/01/2016,384.813,bitcoin
17/01/2016,386.356,bitcoin
18/01/2016,385.132,bitcoin
19/01/2016,379.015,bitcoin
20/01/2016,418.848,bitcoin
21/01/2016,407.815,bitcoin
22/01/2016,377.21,bitcoin
23/01/2016,389.641,bitcoin
24/01/2016,403.056,bitcoin
25/01/2016,392.326,bitcoin
26/01/2016,392.456,bitcoin
27/01/2016,394.491,bitcoin
28/01/2016,379.552,bitcoin
29/01/2016,378.912,bitcoin
30/01/2016,376.921,bitcoin
31/01/2016,364.352,bitcoin
1/02/2016,371.041,bitcoin
2/02/2016,372.868,bitcoin
3/02/2016,368.124,bitcoin
4/02/2016,388.376,bitcoin
5/02/2016,385.733,bitcoin
6/02/2016,374.905,bitcoin
7/02/2016,375.517,bitcoin
8/02/2016,371.136,bitcoin
9/02/2016,373.909,bitcoin
10/02/2016,379.829,bitcoin
11/02/2016,377.058,bitcoin
12/02/2016,382.72,bitcoin
13/02/2016,390.424,bitcoin
14/02/2016,404.144,bitcoin
15/02/2016,399.379,bitcoin
16/02/2016,407.013,bitcoin
17/02/2016,416.85,bitcoin
18/02/2016,421.422,bitcoin
19/02/2016,419.377,bitcoin
20/02/2016,441.12,bitcoin
21/02/2016,438.65,bitcoin
22/02/2016,437.803,bitcoin
23/02/2016,420.302,bitcoin
24/02/2016,423.187,bitcoin
25/02/2016,423.142,bitcoin
26/02/2016,427.029,bitcoin
27/02/2016,432.139,bitcoin
28/02/2016,432.797,bitcoin
29/02/2016,436.919,bitcoin
1/03/2016,431.371,bitcoin
2/03/2016,424.485,bitcoin
3/03/2016,420.171,bitcoin
4/03/2016,409.408,bitcoin
5/03/2016,397.241,bitcoin
6/03/2016,404.912,bitcoin
7/03/2016,413.74,bitcoin
8/03/2016,411.877,bitcoin
9/03/2016,412.319,bitcoin
10/03/2016,416.292,bitcoin
11/03/2016,419.299,bitcoin
12/03/2016,410.801,bitcoin
13/03/2016,412.495,bitcoin
14/03/2016,414.585,bitcoin
15/03/2016,415.641,bitcoin
16/03/2016,416.544,bitcoin
17/03/2016,418.4,bitcoin
18/03/2016,408.28,bitcoin
19/03/2016,406.739,bitcoin
20/03/2016,411.882,bitcoin
21/03/2016,411.091,bitcoin
22/03/2016,416.36,bitcoin
23/03/2016,418.076,bitcoin
24/03/2016,414.883,bitcoin
25/03/2016,415.743,bitcoin
26/03/2016,416.715,bitcoin
27/03/2016,425.349,bitcoin
28/03/2016,422.756,bitcoin
29/03/2016,415.547,bitcoin
30/03/2016,412.597,bitcoin
31/03/2016,415.366,bitcoin
1/04/2016,416.754,bitcoin
2/04/2016,419.67,bitcoin
3/04/2016,418.185,bitcoin
4/04/2016,419.437,bitcoin
5/04/2016,422.651,bitcoin
6/04/2016,421.656,bitcoin
7/04/2016,421.076,bitcoin
8/04/2016,418.474,bitcoin
9/04/2016,416.145,bitcoin
10/04/2016,421.133,bitcoin
11/04/2016,422.584,bitcoin
12/04/2016,426.181,bitcoin
13/04/2016,424.269,bitcoin
14/04/2016,424.932,bitcoin
15/04/2016,429.966,bitcoin
16/04/2016,430.941,bitcoin
17/04/2016,428.027,bitcoin
18/04/2016,428.506,bitcoin
19/04/2016,436.37,bitcoin
20/04/2016,441.916,bitcoin
21/04/2016,451.083,bitcoin
22/04/2016,447.488,bitcoin
23/04/2016,451.818,bitcoin
24/04/2016,459.923,bitcoin
25/04/2016,460.466,bitcoin
26/04/2016,467.856,bitcoin
27/04/2016,444.789,bitcoin
28/04/2016,449.381,bitcoin
29/04/2016,456.566,bitcoin
30/04/2016,447.903,bitcoin
1/05/2016,452.592,bitcoin
2/05/2016,444.488,bitcoin
3/05/2016,450.3,bitcoin
4/05/2016,447.119,bitcoin
5/05/2016,448.922,bitcoin
6/05/2016,461.62,bitcoin
7/05/2016,459.248,bitcoin
8/05/2016,459.283,bitcoin
9/05/2016,461.747,bitcoin
10/05/2016,450.326,bitcoin
11/05/2016,452.179,bitcoin
12/05/2016,454.731,bitcoin
13/05/2016,456.007,bitcoin
14/05/2016,455.503,bitcoin
15/05/2016,457.837,bitcoin
16/05/2016,454.893,bitcoin
17/05/2016,452.422,bitcoin
18/05/2016,453.371,bitcoin
19/05/2016,440.539,bitcoin
20/05/2016,441.888,bitcoin
21/05/2016,443.147,bitcoin
22/05/2016,438.675,bitcoin
23/05/2016,443.175,bitcoin
24/05/2016,445.769,bitcoin
25/05/2016,449.055,bitcoin
26/05/2016,453.732,bitcoin
27/05/2016,473.864,bitcoin
28/05/2016,528.545,bitcoin
29/05/2016,524.624,bitcoin
30/05/2016,534.224,bitcoin
31/05/2016,531.407,bitcoin
1/06/2016,539.168,bitcoin
2/06/2016,538.832,bitcoin
3/06/2016,570.445,bitcoin
4/06/2016,573.526,bitcoin
5/06/2016,574.4756747,bitcoin
6/06/2016,585.563,bitcoin
7/06/2016,577.9106943,bitcoin
8/06/2016,583.139,bitcoin
9/06/2016,577.607,bitcoin
10/06/2016,579.2276479,bitcoin
11/06/2016,597.746562,bitcoin
12/06/2016,671.7122785,bitcoin
13/06/2016,704.2918522,bitcoin
14/06/2016,685.9321316,bitcoin
15/06/2016,693.227,bitcoin
16/06/2016,765.463,bitcoin
17/06/2016,749.419,bitcoin
18/06/2016,756.7996013,bitcoin
19/06/2016,764.046,bitcoin
20/06/2016,734.1617358,bitcoin
21/06/2016,664.9965294,bitcoin
22/06/2016,591.895,bitcoin
23/06/2016,623.2062564,bitcoin
24/06/2016,661.4166052,bitcoin
25/06/2016,666.0566979,bitcoin
26/06/2016,629.306,bitcoin
27/06/2016,648.3,bitcoin
28/06/2016,646.843,bitcoin
29/06/2016,637.437,bitcoin
30/06/2016,671.616,bitcoin
1/07/2016,677.71,bitcoin
2/07/2016,693.047,bitcoin
3/07/2016,664.7451003,bitcoin
4/07/2016,678.7005717,bitcoin
5/07/2016,667.530518,bitcoin
6/07/2016,675.919,bitcoin
7/07/2016,638.62,bitcoin
8/07/2016,665.7445063,bitcoin
9/07/2016,653.8705125,bitcoin
10/07/2016,650.321,bitcoin
11/07/2016,649.07,bitcoin
12/07/2016,670.948,bitcoin
13/07/2016,658.15,bitcoin
14/07/2016,659.576,bitcoin
15/07/2016,665.6869915,bitcoin
16/07/2016,663.501,bitcoin
17/07/2016,678.3905582,bitcoin
18/07/2016,674.7874378,bitcoin
19/07/2016,674.557389,bitcoin
20/07/2016,670.8934741,bitcoin
21/07/2016,665.3643845,bitcoin
22/07/2016,651.09,bitcoin
23/07/2016,655.423,bitcoin
24/07/2016,660.8489235,bitcoin
25/07/2016,654.5186383,bitcoin
26/07/2016,651.31,bitcoin
27/07/2016,655.6182633,bitcoin
28/07/2016,655.8904302,bitcoin
29/07/2016,657.3423792,bitcoin
30/07/2016,654.5489803,bitcoin
31/07/2016,623.7457713,bitcoin
1/08/2016,605.747,bitcoin
2/08/2016,517.1349294,bitcoin
3/08/2016,567.3810616,bitcoin
4/08/2016,576.6037067,bitcoin
5/08/2016,576.0338,bitcoin
6/08/2016,587.635,bitcoin
7/08/2016,592.6675,bitcoin
8/08/2016,590.7125,bitcoin
9/08/2016,585.3025,bitcoin
10/08/2016,592.2668433,bitcoin
11/08/2016,587.6138,bitcoin
12/08/2016,586.53,bitcoin
13/08/2016,584.4688683,bitcoin
14/08/2016,570.7367,bitcoin
15/08/2016,567.7342837,bitcoin
16/08/2016,578.2231511,bitcoin
17/08/2016,571.461915,bitcoin
18/08/2016,572.2684198,bitcoin
19/08/2016,573.4919907,bitcoin
20/08/2016,581.9462731,bitcoin
21/08/2016,580.5870271,bitcoin
22/08/2016,585.2175,bitcoin
23/08/2016,582.0038,bitcoin
24/08/2016,577.8880532,bitcoin
25/08/2016,576.1163,bitcoin
26/08/2016,578.1038,bitcoin
27/08/2016,568.575,bitcoin
28/08/2016,573.5288,bitcoin
29/08/2016,572.5102284,bitcoin
30/08/2016,576.08,bitcoin
31/08/2016,571.7582827,bitcoin
1/09/2016,571.59,bitcoin
2/09/2016,573.9625,bitcoin
3/09/2016,596.195,bitcoin
4/09/2016,608.6888,bitcoin
5/09/2016,606.6438,bitcoin
6/09/2016,610.6838,bitcoin
7/09/2016,614.3264886,bitcoin
8/09/2016,625.4675,bitcoin
9/09/2016,621.9125,bitcoin
10/09/2016,623.0588,bitcoin
11/09/2016,605.3154152,bitcoin
12/09/2016,605.8312052,bitcoin
13/09/2016,606.645,bitcoin
14/09/2016,608.425,bitcoin
15/09/2016,605.5838,bitcoin
16/09/2016,606.5533659,bitcoin
17/09/2016,605.3438,bitcoin
18/09/2016,608.795,bitcoin
19/09/2016,608.6176343,bitcoin
20/09/2016,607.7688126,bitcoin
21/09/2016,595.8402492,bitcoin
22/09/2016,594.9588,bitcoin
23/09/2016,601.8925,bitcoin
24/09/2016,601.2725,bitcoin
25/09/2016,599.3113,bitcoin
26/09/2016,606.0970645,bitcoin
27/09/2016,604.2075,bitcoin
28/09/2016,603.555,bitcoin
29/09/2016,604.6375,bitcoin
30/09/2016,608.2575,bitcoin
1/10/2016,614.0598845,bitcoin
2/10/2016,610.3588,bitcoin
3/10/2016,611.9609027,bitcoin
4/10/2016,609.2425,bitcoin
5/10/2016,611.6363,bitcoin
6/10/2016,610.98,bitcoin
7/10/2016,616.2188,bitcoin
8/10/2016,616.5338,bitcoin
9/10/2016,614.6238,bitcoin
10/10/2016,614.3138,bitcoin
11/10/2016,640.7,bitcoin
12/10/2016,635.6163,bitcoin
13/10/2016,634.6223388,bitcoin
14/10/2016,638.18,bitcoin
15/10/2016,637.2088,bitcoin
16/10/2016,640.1863,bitcoin
17/10/2016,637.4825,bitcoin
18/10/2016,635.465,bitcoin
19/10/2016,628.4375,bitcoin
20/10/2016,628.5425,bitcoin
21/10/2016,629.7188,bitcoin
22/10/2016,652.0875,bitcoin
23/10/2016,649.6263,bitcoin
24/10/2016,648.7663,bitcoin
25/10/2016,652.6338,bitcoin
26/10/2016,673.4175,bitcoin
27/10/2016,683.3725,bitcoin
28/10/2016,687.5588,bitcoin
29/10/2016,715.4103243,bitcoin
30/10/2016,697.2773625,bitcoin
31/10/2016,698.5763,bitcoin
1/11/2016,729.205,bitcoin
2/11/2016,734.1638,bitcoin
3/11/2016,686.0613,bitcoin
4/11/2016,702.11,bitcoin
5/11/2016,704.0225,bitcoin
6/11/2016,712.1263,bitcoin
7/11/2016,706.0925,bitcoin
8/11/2016,708.94,bitcoin
9/11/2016,721.1775,bitcoin
10/11/2016,713.2141433,bitcoin
11/11/2016,715.6425,bitcoin
12/11/2016,703.76,bitcoin
13/11/2016,702.346317,bitcoin
14/11/2016,705.55,bitcoin
15/11/2016,712.1588998,bitcoin
16/11/2016,740.8993549,bitcoin
17/11/2016,738.48,bitcoin
18/11/2016,748.4263,bitcoin
19/11/2016,750.4100481,bitcoin
20/11/2016,728.3713,bitcoin
21/11/2016,736.505,bitcoin
22/11/2016,748.1225,bitcoin
23/11/2016,741.1662465,bitcoin
24/11/2016,736.7486937,bitcoin
25/11/2016,738.2039432,bitcoin
26/11/2016,732.7338,bitcoin
27/11/2016,727.7575,bitcoin
28/11/2016,731.8424614,bitcoin
29/11/2016,731.81,bitcoin
30/11/2016,742.3588,bitcoin
1/12/2016,753.055,bitcoin
2/12/2016,771.1713,bitcoin
3/12/2016,764.8338233,bitcoin
4/12/2016,766.3688,bitcoin
5/12/2016,752.24,bitcoin
6/12/2016,758.6925,bitcoin
7/12/2016,763.915,bitcoin
8/12/2016,768.675,bitcoin
9/12/2016,769.8413,bitcoin
10/12/2016,773.1262934,bitcoin
11/12/2016,768.2325,bitcoin
12/12/2016,778.4323012,bitcoin
13/12/2016,778.215,bitcoin
14/12/2016,775.8913,bitcoin
15/12/2016,775.5725,bitcoin
16/12/2016,781.3375,bitcoin
17/12/2016,788.8775,bitcoin
18/12/2016,788.4413,bitcoin
19/12/2016,790.1163,bitcoin
20/12/2016,799.7213,bitcoin
21/12/2016,826.6207679,bitcoin
22/12/2016,859.3663,bitcoin
23/12/2016,917.0988,bitcoin
24/12/2016,891.6813,bitcoin
25/12/2016,894.3371332,bitcoin
26/12/2016,902.6063,bitcoin
27/12/2016,929.115,bitcoin
28/12/2016,977.14,bitcoin
29/12/2016,971.7213,bitcoin
30/12/2016,960.925,bitcoin
31/12/2016,966.5689709,bitcoin
1/01/2017,998.05,bitcoin
2/01/2017,1019.1988,bitcoin
3/01/2017,1035.5313,bitcoin
4/01/2017,1130.849516,bitcoin
5/01/2017,990.6675,bitcoin
6/01/2017,894.0325,bitcoin
7/01/2017,900.0788,bitcoin
8/01/2017,908.085,bitcoin
9/01/2017,901.878888,bitcoin
10/01/2017,905.7594627,bitcoin
11/01/2017,784.2775,bitcoin
12/01/2017,799.4275,bitcoin
13/01/2017,824.4988,bitcoin
14/01/2017,817.825,bitcoin
15/01/2017,821.9125,bitcoin
16/01/2017,828.31,bitcoin
17/01/2017,904.1525,bitcoin
18/01/2017,873.935,bitcoin
19/01/2017,896.89,bitcoin
20/01/2017,891.4588,bitcoin
21/01/2017,919.6775,bitcoin
22/01/2017,918.778812,bitcoin
23/01/2017,918.9075,bitcoin
24/01/2017,885.7888,bitcoin
25/01/2017,893.4738,bitcoin
26/01/2017,915.36,bitcoin
27/01/2017,918.2875,bitcoin
28/01/2017,920.245,bitcoin
29/01/2017,914.1425,bitcoin
30/01/2017,920.9911459,bitcoin
31/01/2017,968.2663,bitcoin
1/02/2017,986.5728903,bitcoin
2/02/2017,1008.403318,bitcoin
3/02/2017,1015.4425,bitcoin
4/02/2017,1033.63,bitcoin
5/02/2017,1016.926159,bitcoin
6/02/2017,1024.511089,bitcoin
7/02/2017,1051.5,bitcoin
8/02/2017,1055.3013,bitcoin
9/02/2017,981.705,bitcoin
10/02/2017,992.1113,bitcoin
11/02/2017,1010.9463,bitcoin
12/02/2017,1000.523769,bitcoin
13/02/2017,996.1039359,bitcoin
14/02/2017,1010.102162,bitcoin
15/02/2017,1008.8813,bitcoin
16/02/2017,1034.9038,bitcoin
17/02/2017,1056.558091,bitcoin
18/02/2017,1058.580931,bitcoin
19/02/2017,1053.5025,bitcoin
20/02/2017,1082.016823,bitcoin
21/02/2017,1125.408815,bitcoin
22/02/2017,1123.305,bitcoin
23/02/2017,1185.654785,bitcoin
24/02/2017,1180.871,bitcoin
25/02/2017,1149.403678,bitcoin
26/02/2017,1180.673,bitcoin
27/02/2017,1193.129515,bitcoin
28/02/2017,1190.331,bitcoin
1/03/2017,1227.477149,bitcoin
2/03/2017,1262.081,bitcoin
3/03/2017,1289.540612,bitcoin
4/03/2017,1268.814532,bitcoin
5/03/2017,1276.233,bitcoin
6/03/2017,1280.986,bitcoin
7/03/2017,1233.056508,bitcoin
8/03/2017,1149.631,bitcoin
9/03/2017,1191.236722,bitcoin
10/03/2017,1100.01059,bitcoin
11/03/2017,1181.204123,bitcoin
12/03/2017,1230.56,bitcoin
13/03/2017,1243.264922,bitcoin
14/03/2017,1246.556739,bitcoin
15/03/2017,1258.457,bitcoin
16/03/2017,1217.314541,bitcoin
17/03/2017,1074.09387,bitcoin
18/03/2017,961.962,bitcoin
19/03/2017,1023.490101,bitcoin
20/03/2017,1036.332012,bitcoin
21/03/2017,1112.701532,bitcoin
22/03/2017,1039.840173,bitcoin
23/03/2017,1029.139414,bitcoin
24/03/2017,940.0206266,bitcoin
25/03/2017,965.2650627,bitcoin
26/03/2017,954.47666,bitcoin
27/03/2017,1042.605073,bitcoin
28/03/2017,1044.722,bitcoin
29/03/2017,1038.617198,bitcoin
30/03/2017,1031.492906,bitcoin
31/03/2017,1078.274711,bitcoin
1/04/2017,1085.253,bitcoin
2/04/2017,1098.068,bitcoin
3/04/2017,1139.308275,bitcoin
4/04/2017,1140.49759,bitcoin
5/04/2017,1132.339905,bitcoin
6/04/2017,1194.211,bitcoin
7/04/2017,1189.775124,bitcoin
8/04/2017,1182.271,bitcoin
9/04/2017,1187.699,bitcoin
10/04/2017,1210.515,bitcoin
11/04/2017,1226.618,bitcoin
12/04/2017,1218.299,bitcoin
13/04/2017,1174.209,bitcoin
14/04/2017,1183.687,bitcoin
15/04/2017,1180.323,bitcoin
16/04/2017,1186.31,bitcoin
17/04/2017,1205.143,bitcoin
18/04/2017,1217.58,bitcoin
19/04/2017,1225.721,bitcoin
20/04/2017,1253.904,bitcoin
21/04/2017,1254.9875,bitcoin
22/04/2017,1249.67,bitcoin
23/04/2017,1247.8388,bitcoin
24/04/2017,1249.9563,bitcoin
25/04/2017,1263.045,bitcoin
26/04/2017,1287.32,bitcoin
27/04/2017,1331.3125,bitcoin
28/04/2017,1321.205,bitcoin
29/04/2017,1327.6863,bitcoin
30/04/2017,1349.8863,bitcoin
1/05/2017,1408.445,bitcoin
2/05/2017,1442.245,bitcoin
3/05/2017,1485.8175,bitcoin
4/05/2017,1499.36,bitcoin
5/05/2017,1506.0438,bitcoin
6/05/2017,1547.815,bitcoin
7/05/2017,1557.8838,bitcoin
8/05/2017,1633.38,bitcoin
9/05/2017,1700.1775,bitcoin
10/05/2017,1747.3175,bitcoin
11/05/2017,1808.7788,bitcoin
12/05/2017,1700.7725,bitcoin
13/05/2017,1751.73,bitcoin
14/05/2017,1767.7088,bitcoin
15/05/2017,1696.13,bitcoin
16/05/2017,1716.315,bitcoin
17/05/2017,1804.4513,bitcoin
18/05/2017,1889.4088,bitcoin
19/05/2017,1972.9013,bitcoin
20/05/2017,2043.42,bitcoin
21/05/2017,2053.8788,bitcoin
22/05/2017,2109.3963,bitcoin
23/05/2017,2292.7025,bitcoin
24/05/2017,2448.1313,bitcoin
25/05/2017,2366.9725,bitcoin
26/05/2017,2262.36,bitcoin
27/05/2017,2082.845,bitcoin
28/05/2017,2219.4875,bitcoin
29/05/2017,2286.2663,bitcoin
30/05/2017,2167.6438,bitcoin
31/05/2017,2329.0775,bitcoin
1/06/2017,2436.0363,bitcoin
2/06/2017,2514.2275,bitcoin
3/06/2017,2562.54,bitcoin
4/06/2017,2556.405,bitcoin
5/06/2017,2721.5525,bitcoin
6/06/2017,2903.4438,bitcoin
7/06/2017,2716.0588,bitcoin
8/06/2017,2824.2038,bitcoin
9/06/2017,2817.0638,bitcoin
10/06/2017,2937.4538,bitcoin
11/06/2017,3013.7138,bitcoin
12/06/2017,2701.255,bitcoin
13/06/2017,2736.1888,bitcoin
14/06/2017,2503.401273,bitcoin
15/06/2017,2444.493712,bitcoin
16/06/2017,2513.810348,bitcoin
17/06/2017,2683.571344,bitcoin
18/06/2017,2577.219361,bitcoin
19/06/2017,2620.136451,bitcoin
20/06/2017,2777.792656,bitcoin
21/06/2017,2717.003108,bitcoin
22/06/2017,2724.912213,bitcoin
23/06/2017,2737.746231,bitcoin
24/06/2017,2618.416736,bitcoin
25/06/2017,2606.863235,bitcoin
26/06/2017,2488.194163,bitcoin
27/06/2017,2531.348999,bitcoin
28/06/2017,2575.43777,bitcoin
29/06/2017,2561.681435,bitcoin
30/06/2017,2490.753488,bitcoin
1/07/2017,2439.82056,bitcoin
2/07/2017,2518.545694,bitcoin
3/07/2017,2576.714657,bitcoin
4/07/2017,2610.997575,bitcoin
5/07/2017,2607.219302,bitcoin
6/07/2017,2612.670428,bitcoin
7/07/2017,2509.21821,bitcoin
8/07/2017,2563.195514,bitcoin
9/07/2017,2519.217392,bitcoin
10/07/2017,2363.515682,bitcoin
11/07/2017,2353.910661,bitcoin
12/07/2017,2387.328912,bitcoin
13/07/2017,2364.321266,bitcoin
14/07/2017,2228.728791,bitcoin
15/07/2017,2033.291088,bitcoin
16/07/2017,1927.099066,bitcoin
17/07/2017,2181.286081,bitcoin
18/07/2017,2303.889355,bitcoin
19/07/2017,2274.621365,bitcoin
20/07/2017,2766.825119,bitcoin
21/07/2017,2658.074912,bitcoin
22/07/2017,2802.347887,bitcoin
23/07/2017,2731.604007,bitcoin
24/07/2017,2751.34707,bitcoin
25/07/2017,2563.747895,bitcoin
26/07/2017,2507.389685,bitcoin
27/07/2017,2649.441201,bitcoin
28/07/2017,2798.829313,bitcoin
29/07/2017,2720.102263,bitcoin
30/07/2017,2740.323592,bitcoin
31/07/2017,2871.368015,bitcoin
1/08/2017,2737.763792,bitcoin
2/08/2017,2697.850902,bitcoin
3/08/2017,2777.367994,bitcoin
4/08/2017,2845.897162,bitcoin
5/08/2017,3237.070695,bitcoin
6/08/2017,3189.732453,bitcoin
7/08/2017,3356.709738,bitcoin
8/08/2017,3410.45008,bitcoin
9/08/2017,3330.897825,bitcoin
10/08/2017,3367.905387,bitcoin
11/08/2017,3562.587663,bitcoin
12/08/2017,3800.140625,bitcoin
13/08/2017,4023.254522,bitcoin
14/08/2017,4175.695291,bitcoin
15/08/2017,4149.308759,bitcoin
16/08/2017,4262.558791,bitcoin
17/08/2017,4286.917435,bitcoin
18/08/2017,4097.685802,bitcoin
19/08/2017,4115.211988,bitcoin
20/08/2017,4001.228632,bitcoin
21/08/2017,3935.229933,bitcoin
22/08/2017,4008.416685,bitcoin
23/08/2017,4069.080239,bitcoin
24/08/2017,4167.289177,bitcoin
25/08/2017,4199.892032,bitcoin
26/08/2017,4123.513371,bitcoin
27/08/2017,4116.468739,bitcoin
28/08/2017,4216.242773,bitcoin
29/08/2017,4394.063436,bitcoin
30/08/2017,4553.806527,bitcoin
31/08/2017,4702.938163,bitcoin
1/09/2017,4863.193049,bitcoin
2/09/2017,4556.597777,bitcoin
3/09/2017,4632.462331,bitcoin
4/09/2017,4317.185188,bitcoin
5/09/2017,4447.875592,bitcoin
6/09/2017,4592.250278,bitcoin
7/09/2017,4584.820275,bitcoin
8/09/2017,4285.207939,bitcoin
9/09/2017,4245.607341,bitcoin
10/09/2017,4132.664642,bitcoin
11/09/2017,4164.976212,bitcoin
12/09/2017,4130.956285,bitcoin
13/09/2017,3883.652001,bitcoin
14/09/2017,3100.668155,bitcoin
15/09/2017,3587.943122,bitcoin
16/09/2017,3606.275197,bitcoin
17/09/2017,3553.432316,bitcoin
18/09/2017,4012.285825,bitcoin
19/09/2017,3898.934732,bitcoin
20/09/2017,3858.020951,bitcoin
21/09/2017,3628.058588,bitcoin
22/09/2017,3622.183039,bitcoin
23/09/2017,3763.411406,bitcoin
24/09/2017,3672.30508,bitcoin
25/09/2017,3866.705153,bitcoin
26/09/2017,3852.935205,bitcoin
27/09/2017,4134.212415,bitcoin
28/09/2017,4134.884951,bitcoin
29/09/2017,4130.415246,bitcoin
30/09/2017,4297.79117,bitcoin
1/10/2017,4347.578735,bitcoin
2/10/2017,4383.325497,bitcoin
3/10/2017,4319.069212,bitcoin
4/10/2017,4231.464187,bitcoin
5/10/2017,4290.380404,bitcoin
6/10/2017,4347.54724,bitcoin
7/10/2017,4405.016201,bitcoin
8/10/2017,4562.321931,bitcoin
9/10/2017,4758.72165,bitcoin
10/10/2017,4769.477347,bitcoin
11/10/2017,4807.925895,bitcoin
12/10/2017,5331.619302,bitcoin
13/10/2017,5610.493162,bitcoin
14/10/2017,5679.216222,bitcoin
15/10/2017,5684.047104,bitcoin
16/10/2017,5728.932751,bitcoin
17/10/2017,5643.859077,bitcoin
18/10/2017,5592.782224,bitcoin
19/10/2017,5696.380141,bitcoin
20/10/2017,5952.771359,bitcoin
21/10/2017,6043.966731,bitcoin
22/10/2017,6003.464019,bitcoin
23/10/2017,5959.983041,bitcoin
24/10/2017,5550.081585,bitcoin
25/10/2017,5704.874807,bitcoin
26/10/2017,5883.053184,bitcoin
27/10/2017,5775.516665,bitcoin
28/10/2017,5734.307454,bitcoin
29/10/2017,6123.549771,bitcoin
30/10/2017,6104.388709,bitcoin
31/10/2017,6368.651641,bitcoin
1/11/2017,6714.788987,bitcoin
2/11/2017,7059.793861,bitcoin
3/11/2017,7234.738382,bitcoin
4/11/2017,7390.535227,bitcoin
5/11/2017,7416.267951,bitcoin
6/11/2017,7103.046081,bitcoin
7/11/2017,7166.741372,bitcoin
8/11/2017,7461.824435,bitcoin
9/11/2017,7186.292775,bitcoin
10/11/2017,6656.839694,bitcoin
11/11/2017,6365.397852,bitcoin
12/11/2017,5866.513129,bitcoin
13/11/2017,6423.091402,bitcoin
14/11/2017,6652.21678,bitcoin
15/11/2017,7297.668836,bitcoin
16/11/2017,7814.944404,bitcoin
17/11/2017,7783.542465,bitcoin
18/11/2017,7827.631469,bitcoin
19/11/2017,8011.14743,bitcoin
20/11/2017,8220.509966,bitcoin
21/11/2017,8114.13368,bitcoin
22/11/2017,8257.123895,bitcoin
23/11/2017,8117.664348,bitcoin
24/11/2017,8278.128436,bitcoin
25/11/2017,8743.159378,bitcoin
26/11/2017,9342.988641,bitcoin
27/11/2017,9831.40293,bitcoin
28/11/2017,10257.06742,bitcoin
29/11/2017,9875.892308,bitcoin
30/11/2017,10406.18772,bitcoin
1/12/2017,10995.72355,bitcoin
2/12/2017,11162.54503,bitcoin
3/12/2017,11256.70183,bitcoin
4/12/2017,11634.98496,bitcoin
5/12/2017,12174.25374,bitcoin
6/12/2017,13876.47358,bitcoin
7/12/2017,18491.18155,bitcoin
8/12/2017,16908.00495,bitcoin
9/12/2017,15266.42639,bitcoin
10/12/2017,15808.5099,bitcoin
11/12/2017,17106.50515,bitcoin
12/12/2017,17249.92021,bitcoin
13/12/2017,16525.04449,bitcoin
14/12/2017,16865.36166,bitcoin
15/12/2017,17978.63056,bitcoin
16/12/2017,19665.39493,bitcoin
17/12/2017,19423.58015,bitcoin
18/12/2017,19188.05396,bitcoin
19/12/2017,18174.18676,bitcoin
20/12/2017,17059.88835,bitcoin
21/12/2017,16355.23823,bitcoin
22/12/2017,14084.82493,bitcoin
23/12/2017,15241.91647,bitcoin
24/12/2017,14451.11455,bitcoin
25/12/2017,14302.75371,bitcoin
26/12/2017,16616.68206,bitcoin
27/12/2017,16373.08108,bitcoin
28/12/2017,15067.8995,bitcoin
29/12/2017,15096.55944,bitcoin
30/12/2017,13620.36187,bitcoin
31/12/2017,14839.59079,bitcoin
1/01/2018,14093.60683,bitcoin
2/01/2018,15321.93285,bitcoin
3/01/2018,15583.88554,bitcoin
4/01/2018,15976.36519,bitcoin
5/01/2018,18336.92298,bitcoin
6/01/2018,18343.66249,bitcoin
7/01/2018,17039.87391,bitcoin
8/01/2018,15900.36502,bitcoin
9/01/2018,15604.72341,bitcoin
10/01/2018,15509.27013,bitcoin
11/01/2018,14050.56961,bitcoin
12/01/2018,14759.29463,bitcoin
13/01/2018,15193.3149,bitcoin
14/01/2018,14476.58897,bitcoin
15/01/2018,14411.99771,bitcoin
16/01/2018,11723.91352,bitcoin
17/01/2018,11415.39284,bitcoin
18/01/2018,11569.42499,bitcoin
19/01/2018,11758.46933,bitcoin
20/01/2018,13260.27119,bitcoin
21/01/2018,11703.50486,bitcoin
22/01/2018,10991.59501,bitcoin
23/01/2018,10894.00091,bitcoin
24/01/2018,11277.11597,bitcoin
25/01/2018,11225.25446,bitcoin
26/01/2018,11044.90724,bitcoin
27/01/2018,11456.21351,bitcoin
28/01/2018,11665.69693,bitcoin
29/01/2018,11157.66389,bitcoin
30/01/2018,11095.21069,bitcoin
31/01/2018,9989.689777,bitcoin
1/02/2018,10114.49509,bitcoin
2/02/2018,9070.555449,bitcoin
3/02/2018,8830.16351,bitcoin
4/02/2018,8994.914866,bitcoin
5/02/2018,8315.517491,bitcoin
6/02/2018,6852.052701,bitcoin
7/02/2018,7711.220329,bitcoin
8/02/2018,7611.610278,bitcoin
9/02/2018,8208.572084,bitcoin
10/02/2018,8650.71675,bitcoin
11/02/2018,8574.677638,bitcoin
12/02/2018,8168.63778,bitcoin
13/02/2018,8911.398574,bitcoin
14/02/2018,8518.269076,bitcoin
15/02/2018,9428.025607,bitcoin
16/02/2018,10112.58014,bitcoin
17/02/2018,10155.27706,bitcoin
18/02/2018,11006.64769,bitcoin
19/02/2018,10523.42931,bitcoin
20/02/2018,11103.09004,bitcoin
21/02/2018,11502.37705,bitcoin
22/02/2018,9973.59212,bitcoin
23/02/2018,10032.86311,bitcoin
24/02/2018,10301.88361,bitcoin
25/02/2018,9742.62819,bitcoin
26/02/2018,9699.517182,bitcoin
27/02/2018,10355.57813,bitcoin
28/02/2018,10709.38843,bitcoin
1/03/2018,10346.66493,bitcoin
2/03/2018,10859.55219,bitcoin
3/03/2018,11098.07581,bitcoin
4/03/2018,11356.0416,bitcoin
5/03/2018,11286.67629,bitcoin
6/03/2018,11526.42093,bitcoin
7/03/2018,10727.71625,bitcoin
8/03/2018,9999.682486,bitcoin
9/03/2018,9420.85489,bitcoin
10/03/2018,9276.33759,bitcoin
11/03/2018,8890.865804,bitcoin
12/03/2018,9512.456113,bitcoin
13/03/2018,9232.70588,bitcoin
14/03/2018,9216.530976,bitcoin
15/03/2018,8307.223386,bitcoin
16/03/2018,8359.365283,bitcoin
17/03/2018,8520.008159,bitcoin
18/03/2018,8063.409792,bitcoin
19/03/2018,8217.8422,bitcoin
20/03/2018,8640.52143,bitcoin
21/03/2018,8926.820496,bitcoin
22/03/2018,8970.317906,bitcoin
23/03/2018,8736.385769,bitcoin
24/03/2018,8824.592832,bitcoin
25/03/2018,8621.150792,bitcoin
26/03/2018,8478.638196,bitcoin
27/03/2018,8186.196063,bitcoin
28/03/2018,7836.763044,bitcoin
29/03/2018,7930.779541,bitcoin
30/03/2018,7126.895193,bitcoin
31/03/2018,6897.268578,bitcoin
1/04/2018,6975.275314,bitcoin
2/04/2018,6836.572327,bitcoin
3/04/2018,7080.417232,bitcoin
4/04/2018,7464.356094,bitcoin
5/04/2018,6845.315978,bitcoin
6/04/2018,6855.422305,bitcoin
7/04/2018,6628.754456,bitcoin
8/04/2018,6884.477235,bitcoin
9/04/2018,6984.808966,bitcoin
10/04/2018,6778.49157,bitcoin
11/04/2018,6829.316504,bitcoin
12/04/2018,6925.101995,bitcoin
13/04/2018,7836.396994,bitcoin
14/04/2018,7845.75284,bitcoin
15/04/2018,7897.719931,bitcoin
16/04/2018,8258.067084,bitcoin
17/04/2018,8030.999262,bitcoin
18/04/2018,7873.63551,bitcoin
19/04/2018,8097.418233,bitcoin
20/04/2018,8277.460639,bitcoin
21/04/2018,8499.450009,bitcoin
22/04/2018,8878.42826,bitcoin
23/04/2018,8769.011999,bitcoin
24/04/2018,8881.391704,bitcoin
25/04/2018,9716.489757,bitcoin
26/04/2018,8825.2025,bitcoin
27/04/2018,9221.868026,bitcoin
28/04/2018,8940.381122,bitcoin
29/04/2018,9249.659525,bitcoin
30/04/2018,9325.628851,bitcoin
1/05/2018,9198.18951,bitcoin
2/05/2018,9024.387512,bitcoin
3/05/2018,9122.653014,bitcoin
4/05/2018,9551.135184,bitcoin
5/05/2018,9634.538226,bitcoin
6/05/2018,9766.244485,bitcoin
7/05/2018,9583.871746,bitcoin
8/05/2018,9308.265026,bitcoin
9/05/2018,9149.517833,bitcoin
10/05/2018,9248.960396,bitcoin
11/05/2018,8969.940376,bitcoin
12/05/2018,8405.560563,bitcoin
13/05/2018,8480.580376,bitcoin
14/05/2018,8683.986203,bitcoin
15/05/2018,8696.974004,bitcoin
16/05/2018,8473.348649,bitcoin
17/05/2018,8343.125222,bitcoin
18/05/2018,8056.053192,bitcoin
19/05/2018,8202.82541,bitcoin
20/05/2018,8180.62701,bitcoin
21/05/2018,8443.260246,bitcoin
22/05/2018,8354.996336,bitcoin
23/05/2018,8009.299507,bitcoin
24/05/2018,7556.316043,bitcoin
25/05/2018,7563.435465,bitcoin
26/05/2018,7472.022602,bitcoin
27/05/2018,7328.871674,bitcoin
28/05/2018,7326.64394,bitcoin
29/05/2018,7111.068925,bitcoin
30/05/2018,7451.230837,bitcoin
31/05/2018,7380.851558,bitcoin
1/06/2018,7460.16695,bitcoin
2/06/2018,7487.076305,bitcoin
3/06/2018,7567.512938,bitcoin
4/06/2018,7639.879446,bitcoin
5/06/2018,7463.654996,bitcoin
6/06/2018,7569.01134,bitcoin
7/06/2018,7605.578489,bitcoin
8/06/2018,7613.777393,bitcoin
9/06/2018,7561.166101,bitcoin
10/06/2018,7415.001379,bitcoin
11/06/2018,6767.499485,bitcoin
12/06/2018,6880.133649,bitcoin
13/06/2018,6581.828075,bitcoin
14/06/2018,6334.098906,bitcoin
15/06/2018,6644.72068,bitcoin
16/06/2018,6406.80705,bitcoin
17/06/2018,6478.815924,bitcoin
18/06/2018,6418.850002,bitcoin
19/06/2018,6677.533403,bitcoin
20/06/2018,6708.68182,bitcoin
21/06/2018,6714.375461,bitcoin
22/06/2018,6690.832152,bitcoin
23/06/2018,6088.579442,bitcoin
24/06/2018,6169.437264,bitcoin
25/06/2018,6159.707194,bitcoin
26/06/2018,6241.848712,bitcoin
27/06/2018,6069.872606,bitcoin
28/06/2018,6117.03641,bitcoin
29/06/2018,5879.988974,bitcoin
30/06/2018,6182.256748,bitcoin
1/07/2018,6366.499468,bitcoin
2/07/2018,6312.877243,bitcoin
3/07/2018,6595.547313,bitcoin
4/07/2018,6497.607355,bitcoin
5/07/2018,6562.721737,bitcoin
6/07/2018,6537.740872,bitcoin
7/07/2018,6603.294704,bitcoin
8/07/2018,6759.836089,bitcoin
9/07/2018,6700.635479,bitcoin
10/07/2018,6648.256796,bitcoin
11/07/2018,6303.380665,bitcoin
12/07/2018,6373.234805,bitcoin
13/07/2018,6230.590197,bitcoin
14/07/2018,6248.397313,bitcoin
15/07/2018,6246.137412,bitcoin
16/07/2018,6349.695837,bitcoin
17/07/2018,6741.69196,bitcoin
18/07/2018,7303.37306,bitcoin
19/07/2018,7334.771372,bitcoin
20/07/2018,7442.800739,bitcoin
21/07/2018,7331.871523,bitcoin
22/07/2018,7379.137272,bitcoin
23/07/2018,7395.866405,bitcoin
24/07/2018,7704.995679,bitcoin
25/07/2018,8422.373923,bitcoin
26/07/2018,8144.553482,bitcoin
27/07/2018,7929.079244,bitcoin
28/07/2018,8145.333168,bitcoin
29/07/2018,8192.135702,bitcoin
30/07/2018,8197.593576,bitcoin
31/07/2018,8185.921138,bitcoin
1/08/2018,7738.249305,bitcoin
2/08/2018,7612.300754,bitcoin
3/08/2018,7540.633151,bitcoin
4/08/2018,7411.666382,bitcoin
5/08/2018,7009.012012,bitcoin
6/08/2018,7036.609331,bitcoin
7/08/2018,6926.116779,bitcoin
8/08/2018,6711.732422,bitcoin
9/08/2018,6259.52771,bitcoin
10/08/2018,6531.249787,bitcoin
11/08/2018,6166.590418,bitcoin
12/08/2018,6205.21848,bitcoin
13/08/2018,6318.407222,bitcoin
14/08/2018,6283.996251,bitcoin
15/08/2018,6212.22604,bitcoin
16/08/2018,6267.768709,bitcoin
17/08/2018,6309.385226,bitcoin
18/08/2018,6566.715163,bitcoin
19/08/2018,6382.060591,bitcoin
20/08/2018,6475.49402,bitcoin
21/08/2018,6242.882438,bitcoin
22/08/2018,6467.27173,bitcoin
23/08/2018,6336.656327,bitcoin
24/08/2018,6521.065718,bitcoin
25/08/2018,6684.379144,bitcoin
26/08/2018,6736.036058,bitcoin
27/08/2018,6728.288003,bitcoin
28/08/2018,6911.096029,bitcoin
29/08/2018,7075.983405,bitcoin
30/08/2018,7046.748947,bitcoin
31/08/2018,7024.145107,bitcoin
1/09/2018,7027.631279,bitcoin
2/09/2018,7211.270768,bitcoin
3/09/2018,7305.272801,bitcoin
4/09/2018,7260.897517,bitcoin
5/09/2018,7359.462993,bitcoin
6/09/2018,6764.926774,bitcoin
7/09/2018,6498.279613,bitcoin
8/09/2018,6397.81887,bitcoin
9/09/2018,6181.194451,bitcoin
10/09/2018,6260.764806,bitcoin
11/09/2018,6308.135475,bitcoin
12/09/2018,6278.91707,bitcoin
13/09/2018,6330.574238,bitcoin
14/09/2018,6486.46163,bitcoin
15/09/2018,6500.012255,bitcoin
16/09/2018,6530.221146,bitcoin
17/09/2018,6506.248493,bitcoin
18/09/2018,6250.121727,bitcoin
19/09/2018,6347.069255,bitcoin
20/09/2018,6383.753841,bitcoin
21/09/2018,6491.885242,bitcoin
22/09/2018,6753.834472,bitcoin
23/09/2018,6747.032173,bitcoin
24/09/2018,6711.029452,bitcoin
25/09/2018,6596.187313,bitcoin
26/09/2018,6441.311545,bitcoin
27/09/2018,6462.795635,bitcoin
28/09/2018,6704.704246,bitcoin
29/09/2018,6634.765965,bitcoin
30/09/2018,6606.073795,bitcoin
1/10/2018,6626.037956,bitcoin
2/10/2018,6598.84126,bitcoin
3/10/2018,6524.607698,bitcoin
4/10/2018,6499.262379,bitcoin
5/10/2018,6578.701809,bitcoin
6/10/2018,6621.189364,bitcoin
7/10/2018,6589.124682,bitcoin
8/10/2018,6584.832153,bitcoin
9/10/2018,6653.089451,bitcoin
10/10/2018,6633.74573,bitcoin
11/10/2018,6582.455082,bitcoin
12/10/2018,6234.367641,bitcoin
13/10/2018,6285.592983,bitcoin
14/10/2018,6314.883384,bitcoin
15/10/2018,6328.55476,bitcoin
16/10/2018,6659.875508,bitcoin
17/10/2018,6635.125668,bitcoin
18/10/2018,6635.741832,bitcoin
19/10/2018,6517.511088,bitcoin
20/10/2018,6483.827769,bitcoin
21/10/2018,6532.67875,bitcoin
22/10/2018,6529.670021,bitcoin
23/10/2018,6512.589059,bitcoin
24/10/2018,6472.799661,bitcoin
25/10/2018,6481.44359,bitcoin
26/10/2018,6458.191522,bitcoin
27/10/2018,6468.826425,bitcoin
28/10/2018,6457.058635,bitcoin
29/10/2018,6481.323142,bitcoin
30/10/2018,6292.647924,bitcoin
31/10/2018,6331.781808,bitcoin
1/11/2018,6366.72011,bitcoin
2/11/2018,6379.972972,bitcoin
3/11/2018,6425.441583,bitcoin
4/11/2018,6388.189788,bitcoin
5/11/2018,6351.061941,bitcoin
6/11/2018,6415.443409,bitcoin
7/11/2018,6474.84729,bitcoin
8/11/2018,6574.80118,bitcoin
9/11/2018,6490.454731,bitcoin
10/11/2018,6413.782039,bitcoin
11/11/2018,6429.898792,bitcoin
12/11/2018,6434.284597,bitcoin
13/11/2018,6411.353436,bitcoin
14/11/2018,6394.289276,bitcoin
15/11/2018,5788.612494,bitcoin
16/11/2018,5686.541131,bitcoin
17/11/2018,5609.956182,bitcoin
18/11/2018,5599.191596,bitcoin
19/11/2018,5638.861481,bitcoin
20/11/2018,4889.197859,bitcoin
21/11/2018,4450.711454,bitcoin
22/11/2018,4613.448412,bitcoin
23/11/2018,4307.388732,bitcoin
24/11/2018,4376.904947,bitcoin
25/11/2018,3895.836813,bitcoin
26/11/2018,4039.836551,bitcoin
27/11/2018,3811.923529,bitcoin
28/11/2018,3832.924516,bitcoin
29/11/2018,4267.243629,bitcoin
30/11/2018,4279.475593,bitcoin
1/12/2018,4009.68958,bitcoin
2/12/2018,4189.573823,bitcoin
3/12/2018,4124.593549,bitcoin
4/12/2018,3878.839235,bitcoin
5/12/2018,3943.692812,bitcoin
6/12/2018,3751.691966,bitcoin
7/12/2018,3466.763864,bitcoin
8/12/2018,3408.523617,bitcoin
9/12/2018,3424.705861,bitcoin
10/12/2018,3550.546434,bitcoin
11/12/2018,3433.80844,bitcoin
12/12/2018,3378.808778,bitcoin
13/12/2018,3438.100074,bitcoin
14/12/2018,3294.636157,bitcoin
15/12/2018,3216.62715,bitcoin
16/12/2018,3221.976204,bitcoin
17/12/2018,3217.046835,bitcoin
18/12/2018,3506.217013,bitcoin
19/12/2018,3655.775046,bitcoin
20/12/2018,3687.750553,bitcoin
21/12/2018,4065.097238,bitcoin
22/12/2018,3846.227498,bitcoin
23/12/2018,3960.567773,bitcoin
24/12/2018,3941.61774,bitcoin
25/12/2018,4021.990255,bitcoin
26/12/2018,3759.178427,bitcoin
27/12/2018,3781.613082,bitcoin
28/12/2018,3587.70388,bitcoin
29/12/2018,3854.421097,bitcoin
30/12/2018,3778.19394,bitcoin
31/12/2018,3809.728229,bitcoin
1/01/2019,3692.531566,bitcoin
2/01/2019,3794.264254,bitcoin
3/01/2019,3872.172184,bitcoin
4/01/2019,3776.525808,bitcoin
5/01/2019,3815.26808,bitcoin
6/01/2019,3787.307857,bitcoin
7/01/2019,4013.520091,bitcoin
8/01/2019,3989.668718,bitcoin
9/01/2019,3973.591255,bitcoin
10/01/2019,3982.225913,bitcoin
11/01/2019,3623.847729,bitcoin
12/01/2019,3632.849306,bitcoin
13/01/2019,3598.436347,bitcoin
14/01/2019,3495.832311,bitcoin
15/01/2019,3648.048286,bitcoin
16/01/2019,3567.801243,bitcoin
17/01/2019,3597.647323,bitcoin
18/01/2019,3620.981281,bitcoin
19/01/2019,3597.793252,bitcoin
20/01/2019,3674.587271,bitcoin
21/01/2019,3539.167531,bitcoin
22/01/2019,3531.004183,bitcoin
23/01/2019,3571.266908,bitcoin
24/01/2019,3555.700003,bitcoin
25/01/2019,3565.642005,bitcoin
26/01/2019,3564.822417,bitcoin
27/01/2019,3563.614563,bitcoin
28/01/2019,3553.121681,bitcoin
29/01/2019,3432.215668,bitcoin
30/01/2019,3413.375483,bitcoin
31/01/2019,3457.882649,bitcoin
1/02/2019,3431.943638,bitcoin
2/02/2019,3464.490148,bitcoin
3/02/2019,3486.581616,bitcoin
4/02/2019,3454.025844,bitcoin
5/02/2019,3464.003509,bitcoin
6/02/2019,3469.894677,bitcoin
7/02/2019,3405.836861,bitcoin
8/02/2019,3394.014653,bitcoin
9/02/2019,3664.282103,bitcoin
10/02/2019,3667.408264,bitcoin
11/02/2019,3675.691629,bitcoin
12/02/2019,3631.44454,bitcoin
13/02/2019,3633.965047,bitcoin
14/02/2019,3610.062273,bitcoin
15/02/2019,3589.66183,bitcoin
16/02/2019,3601.229191,bitcoin
17/02/2019,3622.591653,bitcoin
18/02/2019,3665.075531,bitcoin
19/02/2019,3886.5202,bitcoin
20/02/2019,3915.009971,bitcoin
21/02/2019,3976.808907,bitcoin
22/02/2019,3934.813594,bitcoin
23/02/2019,3973.641323,bitcoin
24/02/2019,4115.337927,bitcoin
25/02/2019,3742.868947,bitcoin
26/02/2019,3824.683504,bitcoin
27/02/2019,3809.209775,bitcoin
28/02/2019,3813.377892,bitcoin
1/03/2019,3815.607608,bitcoin
2/03/2019,3815.75394,bitcoin
3/03/2019,3819.645731,bitcoin
4/03/2019,3806.954274,bitcoin
5/03/2019,3712.812457,bitcoin
6/03/2019,3852.461666,bitcoin
7/03/2019,3860.510762,bitcoin
8/03/2019,3871.637248,bitcoin
9/03/2019,3861.879307,bitcoin
10/03/2019,3941.600873,bitcoin
11/03/2019,3923.559789,bitcoin
12/03/2019,3860.35923,bitcoin
13/03/2019,3876.480853,bitcoin
14/03/2019,3865.817783,bitcoin
15/03/2019,3876.698708,bitcoin
16/03/2019,3925.46058,bitcoin
17/03/2019,4007.709464,bitcoin
18/03/2019,3980.990105,bitcoin
19/03/2019,3986.706894,bitcoin
20/03/2019,4013.576969,bitcoin
21/03/2019,4045.572634,bitcoin
22/03/2019,3983.317781,bitcoin
23/03/2019,3989.158491,bitcoin
24/03/2019,4008.945386,bitcoin
25/03/2019,3993.3949,bitcoin
26/03/2019,3927.577297,bitcoin
27/03/2019,3938.659743,bitcoin
28/03/2019,4036.160918,bitcoin
29/03/2019,4028.391301,bitcoin
30/03/2019,4103.32286,bitcoin
31/03/2019,4103.856421,bitcoin
1/04/2019,4103.521739,bitcoin
2/04/2019,4146.321928,bitcoin
3/04/2019,4862.230428,bitcoin
4/04/2019,4955.831824,bitcoin
5/04/2019,4899.021554,bitcoin
6/04/2019,5014.955827,bitcoin
7/04/2019,5041.869076,bitcoin
8/04/2019,5176.977884,bitcoin
9/04/2019,5266.894776,bitcoin
10/04/2019,5172.175265,bitcoin
11/04/2019,5308.905683,bitcoin
12/04/2019,5047.793162,bitcoin
13/04/2019,5082.465152,bitcoin
14/04/2019,5072.987191,bitcoin
15/04/2019,5149.314493,bitcoin
16/04/2019,5039.881017,bitcoin
17/04/2019,5213.598377,bitcoin
18/04/2019,5218.95715,bitcoin
19/04/2019,5274.767013,bitcoin
20/04/2019,5280.354444,bitcoin
21/04/2019,5307.689183,bitcoin
22/04/2019,5311.16484,bitcoin
23/04/2019,5380.93579,bitcoin
24/04/2019,5557.925728,bitcoin
25/04/2019,5452.101753,bitcoin
26/04/2019,5203.088599,bitcoin
27/04/2019,5295.84732,bitcoin
28/04/2019,5256.977802,bitcoin
29/04/2019,5257.803249,bitcoin
30/04/2019,5199.755009,bitcoin
1/05/2019,5292.803975,bitcoin
2/05/2019,5354.5868,bitcoin
3/05/2019,5450.70662,bitcoin
4/05/2019,5731.4931,bitcoin
5/05/2019,5803.943309,bitcoin
6/05/2019,5749.32378,bitcoin
7/05/2019,5715.757136,bitcoin
8/05/2019,5841.053771,bitcoin
9/05/2019,5957.856733,bitcoin
10/05/2019,6168.268996,bitcoin
11/05/2019,6370.233759,bitcoin
12/05/2019,7258.261281,bitcoin
13/05/2019,6953.751389,bitcoin
14/05/2019,7805.981649,bitcoin
15/05/2019,7990.055554,bitcoin
16/05/2019,8192.223139,bitcoin
17/05/2019,7875.9132,bitcoin
18/05/2019,7343.371457,bitcoin
19/05/2019,7300.655158,bitcoin
20/05/2019,8168.73069,bitcoin
21/05/2019,7976.851713,bitcoin
22/05/2019,7958.365526,bitcoin
23/05/2019,7665.796854,bitcoin
24/05/2019,7861.812792,bitcoin
25/05/2019,7977.244882,bitcoin
26/05/2019,8037.627432,bitcoin
27/05/2019,8631.080578,bitcoin
28/05/2019,8816.033915,bitcoin
29/05/2019,8726.97811,bitcoin
30/05/2019,8650.677406,bitcoin
31/05/2019,8310.891063,bitcoin
1/06/2019,8575.646353,bitcoin
2/06/2019,8554.261728,bitcoin
3/06/2019,8743.705469,bitcoin
4/06/2019,8173.632762,bitcoin
5/06/2019,7683.636261,bitcoin
6/06/2019,7812.448855,bitcoin
7/06/2019,7821.123897,bitcoin
8/06/2019,8036.108159,bitcoin
9/06/2019,7942.539284,bitcoin
10/06/2019,7668.029628,bitcoin
11/06/2019,8002.729983,bitcoin
12/06/2019,7897.975477,bitcoin
13/06/2019,8145.059098,bitcoin
14/06/2019,8227.625726,bitcoin
15/06/2019,8671.505389,bitcoin
16/06/2019,8818.609507,bitcoin
17/06/2019,8978.772588,bitcoin
18/06/2019,9312.868295,bitcoin
19/06/2019,9094.021746,bitcoin
20/06/2019,9285.928674,bitcoin
21/06/2019,9548.314565,bitcoin
22/06/2019,10118.35946,bitcoin
23/06/2019,10704.92215,bitcoin
24/06/2019,10846.1251,bitcoin
25/06/2019,11045.55042,bitcoin
26/06/2019,11808.4199,bitcoin
27/06/2019,12996.12434,bitcoin
28/06/2019,11178.683,bitcoin
29/06/2019,12352.19687,bitcoin
30/06/2019,11972.55567,bitcoin
1/07/2019,10888.09718,bitcoin
2/07/2019,10639.04629,bitcoin
3/07/2019,10822.76418,bitcoin
4/07/2019,11975.63739,bitcoin
5/07/2019,11229.60562,bitcoin
6/07/2019,10987.24886,bitcoin
7/07/2019,11279.47638,bitcoin
8/07/2019,11436.43075,bitcoin
9/07/2019,12260.2827,bitcoin
10/07/2019,12544.16726,bitcoin
11/07/2019,12166.39829,bitcoin
12/07/2019,11385.06049,bitcoin
13/07/2019,11804.56279,bitcoin
14/07/2019,11418.51186,bitcoin
15/07/2019,10285.46111,bitcoin
16/07/2019,10911.34516,bitcoin
17/07/2019,9538.827124,bitcoin
18/07/2019,9657.303101,bitcoin
19/07/2019,10636.15573,bitcoin
20/07/2019,10536.56585,bitcoin
21/07/2019,10774.28114,bitcoin
22/07/2019,10607.46356,bitcoin
23/07/2019,10343.31814,bitcoin
24/07/2019,9936.380762,bitcoin
25/07/2019,9799.306313,bitcoin
26/07/2019,9878.231933,bitcoin
27/07/2019,9845.999447,bitcoin
28/07/2019,9447.678401,bitcoin
29/07/2019,9534.755427,bitcoin
30/07/2019,9510.593552,bitcoin
31/07/2019,9568.437452,bitcoin
1/08/2019,10062.99629,bitcoin
2/08/2019,10361.312,bitcoin
3/08/2019,10529.17191,bitcoin
4/08/2019,10791.20052,bitcoin
5/08/2019,10951.59383,bitcoin
6/08/2019,11818.52553,bitcoin
7/08/2019,11510.16415,bitcoin
8/08/2019,11970.65756,bitcoin
9/08/2019,12024.33157,bitcoin
10/08/2019,11852.56161,bitcoin
11/08/2019,11327.84264,bitcoin
12/08/2019,11549.99835,bitcoin
13/08/2019,11381.24136,bitcoin
14/08/2019,10903.65499,bitcoin
15/08/2019,10016.21739,bitcoin
16/08/2019,10295.87714,bitcoin
17/08/2019,10324.9936,bitcoin
18/08/2019,10224.21871,bitcoin
19/08/2019,10309.87244,bitcoin
20/08/2019,10895.97184,bitcoin
21/08/2019,10743.78931,bitcoin
22/08/2019,10124.05821,bitcoin
23/08/2019,10127.78986,bitcoin
24/08/2019,10385.50909,bitcoin
25/08/2019,10145.01248,bitcoin
26/08/2019,10090.06158,bitcoin
27/08/2019,10334.91185,bitcoin
28/08/2019,10167.88939,bitcoin
29/08/2019,9753.487049,bitcoin
30/08/2019,9485.141424,bitcoin
31/08/2019,9588.987502,bitcoin
1/09/2019,9607.289264,bitcoin
2/09/2019,9729.266232,bitcoin
3/09/2019,10323.02266,bitcoin
4/09/2019,10620.16519,bitcoin
5/09/2019,10573.51518,bitcoin
6/09/2019,10570.24994,bitcoin
7/09/2019,10350.74833,bitcoin
8/09/2019,10461.54773,bitcoin
9/09/2019,10404.3339,bitcoin
10/09/2019,10321.93161,bitcoin
11/09/2019,10121.1023,bitcoin
12/09/2019,10150.71002,bitcoin
13/09/2019,10401.31992,bitcoin
14/09/2019,10355.6269,bitcoin
15/09/2019,10349.55196,bitcoin
16/09/2019,10305.67502,bitcoin
17/09/2019,10268.4217,bitcoin
18/09/2019,10203.07105,bitcoin
19/09/2019,10158.85452,bitcoin
20/09/2019,10253.23237,bitcoin
21/09/2019,10178.44257,bitcoin
22/09/2019,9997.199888,bitcoin
23/09/2019,10041.3042,bitcoin
24/09/2019,9699.504938,bitcoin
25/09/2019,8702.713528,bitcoin
26/09/2019,8446.244116,bitcoin
27/09/2019,8098.80982,bitcoin
28/09/2019,8183.482348,bitcoin
29/09/2019,8225.110372,bitcoin
30/09/2019,8064.380983,bitcoin
1/10/2019,8271.290855,bitcoin
2/10/2019,8366.503906,bitcoin
3/10/2019,8350.132163,bitcoin
4/10/2019,8176.354679,bitcoin
5/10/2019,8156.519554,bitcoin
6/10/2019,8140.242484,bitcoin
7/10/2019,7890.23435,bitcoin
8/10/2019,8182.251593,bitcoin
9/10/2019,8180.69113,bitcoin
10/10/2019,8573.060086,bitcoin
11/10/2019,8561.519329,bitcoin
12/10/2019,8277.848351,bitcoin
13/10/2019,8308.470967,bitcoin
14/10/2019,8289.497237,bitcoin
15/10/2019,8347.35035,bitcoin
16/10/2019,8175.863112,bitcoin
17/10/2019,8010.30218,bitcoin
18/10/2019,8079.931459,bitcoin
19/10/2019,7957.314094,bitcoin
20/10/2019,7949.802269,bitcoin
21/10/2019,8208.362622,bitcoin
22/10/2019,8220.918531,bitcoin
23/10/2019,8045.294247,bitcoin
24/10/2019,7468.532532,bitcoin
25/10/2019,7433.915346,bitcoin
26/10/2019,8652.03003,bitcoin
27/10/2019,9217.236032,bitcoin
28/10/2019,9502.020114,bitcoin
29/10/2019,9239.897284,bitcoin
30/10/2019,9407.163351,bitcoin
31/10/2019,9171.874474,bitcoin
1/11/2019,9151.824594,bitcoin
2/11/2019,9233.413802,bitcoin
3/11/2019,9302.834618,bitcoin
4/11/2019,9204.28635,bitcoin
5/11/2019,9378.953914,bitcoin
6/11/2019,9300.373963,bitcoin
7/11/2019,9340.048652,bitcoin
8/11/2019,9221.073785,bitcoin
9/11/2019,8795.896069,bitcoin
10/11/2019,8809.783674,bitcoin
11/11/2019,9043.673292,bitcoin
12/11/2019,8729.917418,bitcoin
13/11/2019,8806.751999,bitcoin
14/11/2019,8770.780825,bitcoin
15/11/2019,8652.025288,bitcoin
16/11/2019,8480.435542,bitcoin
17/11/2019,8496.376959,bitcoin
18/11/2019,8508.499434,bitcoin
19/11/2019,8202.834446,bitcoin
20/11/2019,8138.831605,bitcoin
21/11/2019,8095.865638,bitcoin
22/11/2019,7632.494765,bitcoin
23/11/2019,7293.013949,bitcoin
24/11/2019,7309.689244,bitcoin
25/11/2019,6935.738627,bitcoin
26/11/2019,7118.264883,bitcoin
27/11/2019,7157.684731,bitcoin
28/11/2019,7483.754192,bitcoin
29/11/2019,7438.621769,bitcoin
30/11/2019,7720.865011,bitcoin
1/12/2019,7556.397586,bitcoin
2/12/2019,7405.808479,bitcoin
3/12/2019,7308.982444,bitcoin
4/12/2019,7286.080952,bitcoin
5/12/2019,7209.971417,bitcoin
6/12/2019,7373.782499,bitcoin
7/12/2019,7530.92283,bitcoin
8/12/2019,7493.545155,bitcoin
9/12/2019,7508.315669,bitcoin
10/12/2019,7347.036951,bitcoin
11/12/2019,7233.950487,bitcoin
12/12/2019,7197.426826,bitcoin
13/12/2019,7200.707018,bitcoin
14/12/2019,7247.350277,bitcoin
15/12/2019,7081.740255,bitcoin
16/12/2019,7108.563022,bitcoin
17/12/2019,6901.036915,bitcoin
18/12/2019,6627.162515,bitcoin
19/12/2019,7274.768504,bitcoin
20/12/2019,7152.558692,bitcoin
21/12/2019,7185.43918,bitcoin
22/12/2019,7141.554857,bitcoin
23/12/2019,7488.196175,bitcoin
24/12/2019,7335.207616,bitcoin
25/12/2019,7266.608197,bitcoin
26/12/2019,7204.184876,bitcoin
27/12/2019,7208.489308,bitcoin
28/12/2019,7247.623712,bitcoin
29/12/2019,7307.887523,bitcoin
30/12/2019,7394.029286,bitcoin
31/12/2019,7240.428912,bitcoin
1/01/2020,7195.153895,bitcoin
2/01/2020,7193.754668,bitcoin
3/01/2020,6963.853354,bitcoin
4/01/2020,7300.346935,bitcoin
5/01/2020,7351.377053,bitcoin
6/01/2020,7349.972248,bitcoin
7/01/2020,7734.675516,bitcoin
8/01/2020,8147.415238,bitcoin
9/01/2020,8045.789125,bitcoin
10/01/2020,7832.795644,bitcoin
11/01/2020,8180.51317,bitcoin
12/01/2020,8012.085782,bitcoin
13/01/2020,8171.401185,bitcoin
14/01/2020,8110.647965,bitcoin
15/01/2020,8801.871213,bitcoin
16/01/2020,8820.850106,bitcoin
17/01/2020,8720.919501,bitcoin
18/01/2020,8902.568995,bitcoin
19/01/2020,8906.902675,bitcoin
20/01/2020,8690.38057,bitcoin
21/01/2020,8631.253954,bitcoin
22/01/2020,8724.818623,bitcoin
23/01/2020,8665.436914,bitcoin
24/01/2020,8415.956027,bitcoin
25/01/2020,8432.096676,bitcoin
26/01/2020,8348.665665,bitcoin
27/01/2020,8595.728298,bitcoin
28/01/2020,8879.335549,bitcoin
29/01/2020,9320.805854,bitcoin
30/01/2020,9276.893821,bitcoin
31/01/2020,9509.805136,bitcoin
1/02/2020,9308.060286,bitcoin
2/02/2020,9363.224207,bitcoin
3/02/2020,9338.416632,bitcoin
4/02/2020,9308.912702,bitcoin
5/02/2020,9179.959281,bitcoin
6/02/2020,9592.183874,bitcoin
7/02/2020,9744.636578,bitcoin
8/02/2020,9799.448456,bitcoin
9/02/2020,9890.701658,bitcoin
10/02/2020,10148.37972,bitcoin
11/02/2020,9890.121224,bitcoin
12/02/2020,10226.92577,bitcoin
13/02/2020,10328.89757,bitcoin
14/02/2020,10221.26031,bitcoin
15/02/2020,10320.15714,bitcoin
16/02/2020,9894.136124,bitcoin
17/02/2020,9943.673603,bitcoin
18/02/2020,9723.605026,bitcoin
19/02/2020,10133.81742,bitcoin
20/02/2020,9618.409248,bitcoin
21/02/2020,9608.169181,bitcoin
22/02/2020,9673.0118,bitcoin
23/02/2020,9658.606058,bitcoin
24/02/2020,9946.716123,bitcoin
25/02/2020,9670.960806,bitcoin
26/02/2020,9345.342702,bitcoin
27/02/2020,8801.657129,bitcoin
28/02/2020,8781.175282,bitcoin
29/02/2020,8717.331431,bitcoin
1/03/2020,8552.989119,bitcoin
2/03/2020,8567.802249,bitcoin
3/03/2020,8905.876104,bitcoin
4/03/2020,8756.718577,bitcoin
5/03/2020,8758.646993,bitcoin
6/03/2020,9038.870323,bitcoin
7/03/2020,9135.845066,bitcoin
8/03/2020,8902.20195,bitcoin
9/03/2020,8041.365538,bitcoin
10/03/2020,7921.332007,bitcoin
11/03/2020,7906.731529,bitcoin
12/03/2020,7935.52204,bitcoin
13/03/2020,5142.990459,bitcoin
14/03/2020,5542.819542,bitcoin
15/03/2020,5214.189112,bitcoin
16/03/2020,5397.933357,bitcoin
17/03/2020,5032.501351,bitcoin
18/03/2020,5389.415775,bitcoin
19/03/2020,5376.280748,bitcoin
20/03/2020,6170.2006,bitcoin
21/03/2020,6195.603505,bitcoin
22/03/2020,6145.770891,bitcoin
23/03/2020,5859.64743,bitcoin
24/03/2020,6456.347486,bitcoin
25/03/2020,6730.173782,bitcoin
26/03/2020,6695.900618,bitcoin
27/03/2020,6765.562079,bitcoin
28/03/2020,6397.826328,bitcoin
29/03/2020,6255.000399,bitcoin
30/03/2020,5915.337155,bitcoin
31/03/2020,6403.141236,bitcoin
1/04/2020,6421.705414,bitcoin
2/04/2020,6640.797666,bitcoin
3/04/2020,6807.897018,bitcoin
4/04/2020,6732.852018,bitcoin
5/04/2020,6859.424924,bitcoin
6/04/2020,6788.048273,bitcoin
7/04/2020,7297.635558,bitcoin
8/04/2020,7196.782202,bitcoin
9/04/2020,7342.291601,bitcoin
10/04/2020,7294.488875,bitcoin
11/04/2020,6864.694257,bitcoin
12/04/2020,6878.781213,bitcoin
13/04/2020,6913.158787,bitcoin
14/04/2020,6857.538538,bitcoin
15/04/2020,6860.178536,bitcoin
16/04/2020,6629.431738,bitcoin
17/04/2020,7059.926225,bitcoin
18/04/2020,7035.261504,bitcoin
19/04/2020,7242.510929,bitcoin
20/04/2020,7127.51195,bitcoin
21/04/2020,6856.456278,bitcoin
22/04/2020,6842.038598,bitcoin
23/04/2020,7109.995291,bitcoin
24/04/2020,7382.793144,bitcoin
25/04/2020,7495.393587,bitcoin
26/04/2020,7538.557687,bitcoin
27/04/2020,7683.867415,bitcoin
28/04/2020,7774.281554,bitcoin
29/04/2020,7758.230255,bitcoin
30/04/2020,8744.430287,bitcoin
1/05/2020,8610.635804,bitcoin
2/05/2020,8824.818414,bitcoin
3/05/2020,8966.307015,bitcoin
4/05/2020,8888.671913,bitcoin
5/05/2020,8884.407814,bitcoin
6/05/2020,9003.240558,bitcoin
7/05/2020,9144.68704,bitcoin
8/05/2020,9959.166416,bitcoin
9/05/2020,9821.811315,bitcoin
10/05/2020,9566.777187,bitcoin
11/05/2020,8752.617088,bitcoin
12/05/2020,8604.751591,bitcoin
13/05/2020,8788.466749,bitcoin
14/05/2020,9283.086013,bitcoin
15/05/2020,9796.494527,bitcoin
16/05/2020,9309.295359,bitcoin
17/05/2020,9375.297108,bitcoin
18/05/2020,9666.327193,bitcoin
19/05/2020,9708.439859,bitcoin
20/05/2020,9760.198937,bitcoin
21/05/2020,9526.507593,bitcoin
22/05/2020,9059.962507,bitcoin
23/05/2020,9131.767275,bitcoin
24/05/2020,9170.361064,bitcoin
25/05/2020,8731.848526,bitcoin
26/05/2020,8883.69177,bitcoin
27/05/2020,8839.130663,bitcoin
28/05/2020,9174.118564,bitcoin
29/05/2020,9546.045635,bitcoin
30/05/2020,9427.120373,bitcoin
31/05/2020,9662.705873,bitcoin
1/06/2020,9466.961781,bitcoin
2/06/2020,10167.93069,bitcoin
3/06/2020,9515.243859,bitcoin
4/06/2020,9645.227869,bitcoin
5/06/2020,9776.202992,bitcoin
6/06/2020,9636.965527,bitcoin
7/06/2020,9662.858709,bitcoin
8/06/2020,9738.603357,bitcoin
9/06/2020,9773.029513,bitcoin
10/06/2020,9767.005317,bitcoin
11/06/2020,9874.898682,bitcoin
12/06/2020,9325.996856,bitcoin
13/06/2020,9469.533298,bitcoin
14/06/2020,9469.473456,bitcoin
15/06/2020,9345.960908,bitcoin
16/06/2020,9431.719262,bitcoin
17/06/2020,9524.926617,bitcoin
18/06/2020,9463.361414,bitcoin
19/06/2020,9399.767217,bitcoin
20/06/2020,9312.780104,bitcoin
21/06/2020,9360.247968,bitcoin
22/06/2020,9298.360829,bitcoin
23/06/2020,9678.683209,bitcoin
24/06/2020,9624.684292,bitcoin
25/06/2020,9288.061774,bitcoin
26/06/2020,9258.667161,bitcoin
27/06/2020,9166.48636,bitcoin
28/06/2020,9013.905565,bitcoin
29/06/2020,9139.903276,bitcoin
30/06/2020,9185.166541,bitcoin
1/07/2020,9149.721997,bitcoin
2/07/2020,9230.672999,bitcoin
3/07/2020,9094.318072,bitcoin
4/07/2020,9071.385043,bitcoin
5/07/2020,9132.90837,bitcoin
6/07/2020,9087.407313,bitcoin
7/07/2020,9342.376493,bitcoin
8/07/2020,9253.63098,bitcoin
9/07/2020,9432.172516,bitcoin
10/07/2020,9235.716302,bitcoin
11/07/2020,9282.913639,bitcoin
12/07/2020,9234.314675,bitcoin
13/07/2020,9297.479636,bitcoin
14/07/2020,9240.76252,bitcoin
15/07/2020,9247.060696,bitcoin
16/07/2020,9203.371435,bitcoin
17/07/2020,9136.483376,bitcoin
18/07/2020,9156.276583,bitcoin
19/07/2020,9168.402737,bitcoin
20/07/2020,9202.61584,bitcoin
21/07/2020,9163.159655,bitcoin
22/07/2020,9384.379752,bitcoin
23/07/2020,9514.304988,bitcoin
24/07/2020,9589.817719,bitcoin
25/07/2020,9535.938796,bitcoin
26/07/2020,9691.825139,bitcoin
27/07/2020,9925.751397,bitcoin
28/07/2020,10962.25848,bitcoin
29/07/2020,10904.91653,bitcoin
30/07/2020,11093.61224,bitcoin
31/07/2020,11116.30716,bitcoin
1/08/2020,11325.55153,bitcoin
2/08/2020,11812.09431,bitcoin
3/08/2020,11066.30624,bitcoin
4/08/2020,11230.90776,bitcoin
5/08/2020,11181.91751,bitcoin
6/08/2020,11719.26352,bitcoin
7/08/2020,11768.12774,bitcoin
8/08/2020,11571.48798,bitcoin
9/08/2020,11739.13101,bitcoin
10/08/2020,11682.85147,bitcoin
11/08/2020,11862.93801,bitcoin
12/08/2020,11398.67106,bitcoin
13/08/2020,11579.86795,bitcoin
14/08/2020,11817.16404,bitcoin
15/08/2020,11777.39132,bitcoin
16/08/2020,11864.90581,bitcoin
17/08/2020,11901.77649,bitcoin
18/08/2020,12272.46581,bitcoin
19/08/2020,11949.61097,bitcoin
20/08/2020,11733.27897,bitcoin
21/08/2020,11861.83658,bitcoin
22/08/2020,11515.1243,bitcoin
23/08/2020,11676.38531,bitcoin
24/08/2020,11647.92812,bitcoin
25/08/2020,11758.82812,bitcoin
26/08/2020,11350.75347,bitcoin
27/08/2020,11465.00256,bitcoin
28/08/2020,11300.39836,bitcoin
29/08/2020,11519.11839,bitcoin
30/08/2020,11481.48182,bitcoin
31/08/2020,11701.00401,bitcoin
1/09/2020,11672.3241,bitcoin
2/09/2020,11895.22535,bitcoin
3/09/2020,11418.25476,bitcoin
4/09/2020,10197.45982,bitcoin
5/09/2020,10484.47039,bitcoin
6/09/2020,10177.78972,bitcoin
7/09/2020,10260.01773,bitcoin
8/09/2020,10359.44522,bitcoin
9/09/2020,10125.01496,bitcoin
10/09/2020,10230.1547,bitcoin
11/09/2020,10342.15939,bitcoin
12/09/2020,10378.22304,bitcoin
13/09/2020,10439.38467,bitcoin
14/09/2020,10328.86607,bitcoin
15/09/2020,10661.09624,bitcoin
16/09/2020,10787.58021,bitcoin
17/09/2020,10952.24997,bitcoin
18/09/2020,10937.9964,bitcoin
19/09/2020,10927.15031,bitcoin
20/09/2020,11083.99836,bitcoin
21/09/2020,10923.32667,bitcoin
22/09/2020,10439.52249,bitcoin
23/09/2020,10527.58785,bitcoin
24/09/2020,10223.78411,bitcoin
25/09/2020,10726.53008,bitcoin
26/09/2020,10681.99385,bitcoin
27/09/2020,10743.19288,bitcoin
28/09/2020,10765.30052,bitcoin
29/09/2020,10672.02854,bitcoin
30/09/2020,10837.51659,bitcoin
1/10/2020,10770.88135,bitcoin
2/10/2020,10627.97606,bitcoin
3/10/2020,10572.67484,bitcoin
4/10/2020,10546.65626,bitcoin
5/10/2020,10670.70081,bitcoin
6/10/2020,10784.9494,bitcoin
7/10/2020,10605.95779,bitcoin
8/10/2020,10668.01101,bitcoin
9/10/2020,10888.66655,bitcoin
10/10/2020,11063.25239,bitcoin
11/10/2020,11286.54194,bitcoin
12/10/2020,11377.81488,bitcoin
13/10/2020,11543.18376,bitcoin
14/10/2020,11426.10554,bitcoin
15/10/2020,11435.57244,bitcoin
16/10/2020,11495.585,bitcoin
17/10/2020,11319.09779,bitcoin
18/10/2020,11365.81413,bitcoin
19/10/2020,11495.89998,bitcoin
20/10/2020,11752.14686,bitcoin
21/10/2020,11908.70892,bitcoin
22/10/2020,12806.43573,bitcoin
23/10/2020,12951.04406,bitcoin
24/10/2020,12928.0723,bitcoin
25/10/2020,13106.04602,bitcoin
26/10/2020,13021.41084,bitcoin
27/10/2020,13060.79221,bitcoin
28/10/2020,13655.18542,bitcoin
29/10/2020,13282.99935,bitcoin
30/10/2020,13441.8785,bitcoin
31/10/2020,13537.17427,bitcoin
1/11/2020,13778.63764,bitcoin
2/11/2020,13720.36147,bitcoin
3/11/2020,13558.3618,bitcoin
4/11/2020,13989.97636,bitcoin
5/11/2020,14101.71605,bitcoin
6/11/2020,15553.3317,bitcoin
7/11/2020,15548.31215,bitcoin
8/11/2020,14818.45891,bitcoin
9/11/2020,15496.31615,bitcoin
10/11/2020,15335.3422,bitcoin
11/11/2020,15278.70966,bitcoin
12/11/2020,15686.90599,bitcoin
13/11/2020,16265.14925,bitcoin
14/11/2020,16326.81488,bitcoin
15/11/2020,16095.56151,bitcoin
16/11/2020,15984.67378,bitcoin
17/11/2020,16714.40386,bitcoin
18/11/2020,17651.82043,bitcoin
19/11/2020,17829.93496,bitcoin
20/11/2020,17819.75743,bitcoin
21/11/2020,18628.81349,bitcoin
22/11/2020,18689.52866,bitcoin
23/11/2020,18390.61184,bitcoin
24/11/2020,18360.6933,bitcoin
25/11/2020,19091.52418,bitcoin
26/11/2020,18753.28892,bitcoin
27/11/2020,17138.02951,bitcoin
28/11/2020,17140.27555,bitcoin
29/11/2020,17718.97283,bitcoin
30/11/2020,18169.95421,bitcoin
1/12/2020,19609.52144,bitcoin
2/12/2020,18857.41737,bitcoin
3/12/2020,19208.39819,bitcoin
4/12/2020,19435.20485,bitcoin
5/12/2020,18711.22655,bitcoin
6/12/2020,19139.11158,bitcoin
7/12/2020,19325.55412,bitcoin
8/12/2020,19198.80649,bitcoin
9/12/2020,18336.51458,bitcoin
10/12/2020,18564.98646,bitcoin
11/12/2020,18262.05838,bitcoin
12/12/2020,18058.02734,bitcoin
13/12/2020,18807.0954,bitcoin
14/12/2020,19151.13442,bitcoin
15/12/2020,19259.97047,bitcoin
16/12/2020,19432.36246,bitcoin
17/12/2020,21317.66214,bitcoin
18/12/2020,22805.65581,bitcoin
19/12/2020,23120.57055,bitcoin
20/12/2020,23863.85484,bitcoin
21/12/2020,23518.31842,bitcoin
22/12/2020,22840.99171,bitcoin
23/12/2020,23794.7933,bitcoin
24/12/2020,23308.12723,bitcoin
25/12/2020,23760.28705,bitcoin
26/12/2020,24671.10771,bitcoin
27/12/2020,26476.13014,bitcoin
28/12/2020,26423.22879,bitcoin
29/12/2020,27125.38412,bitcoin
30/12/2020,27424.53895,bitcoin
31/12/2020,28837.28853,bitcoin
1/01/2021,29022.4184,bitcoin
2/01/2021,29352.12679,bitcoin
3/01/2021,32163.82494,bitcoin
4/01/2021,33008.2262,bitcoin
5/01/2021,31515.57597,bitcoin
6/01/2021,34082.20605,bitcoin
7/01/2021,36933.52014,bitcoin
8/01/2021,39547.08408,bitcoin
9/01/2021,40815.96185,bitcoin
10/01/2021,40296.529,bitcoin
11/01/2021,38397.89599,bitcoin
12/01/2021,35669.90669,bitcoin
13/01/2021,33938.33588,bitcoin
14/01/2021,37456.00773,bitcoin
15/01/2021,39232.74997,bitcoin
16/01/2021,36787.52122,bitcoin
17/01/2021,36254.71308,bitcoin
18/01/2021,35804.26389,bitcoin
19/01/2021,36595.46477,bitcoin
20/01/2021,36104.86386,bitcoin
21/01/2021,35587.4892,bitcoin
22/01/2021,30913.69574,bitcoin
23/01/2021,32957.90878,bitcoin
24/01/2021,32068.08737,bitcoin
25/01/2021,32273.51735,bitcoin
26/01/2021,32375.32006,bitcoin
27/01/2021,32582.10945,bitcoin
28/01/2021,30445.52587,bitcoin
29/01/2021,33128.34753,bitcoin
30/01/2021,34150.81877,bitcoin
31/01/2021,34199.51981,bitcoin
1/02/2021,33064.78677,bitcoin
2/02/2021,33405.99036,bitcoin
3/02/2021,35485.98593,bitcoin
4/02/2021,37494.71762,bitcoin
5/02/2021,36816.50808,bitcoin
6/02/2021,38007.83223,bitcoin
7/02/2021,39279.41287,bitcoin
8/02/2021,38833.34026,bitcoin
9/02/2021,46307.57412,bitcoin
10/02/2021,46569.56483,bitcoin
11/02/2021,44848.69345,bitcoin
12/02/2021,47815.96176,bitcoin
13/02/2021,47414.18626,bitcoin
14/02/2021,46941.29209,bitcoin
15/02/2021,48607.87452,bitcoin
16/02/2021,47898.48703,bitcoin
17/02/2021,49238.13691,bitcoin
18/02/2021,52143.67884,bitcoin
19/02/2021,51733.07554,bitcoin
20/02/2021,56038.72776,bitcoin
21/02/2021,56377.63348,bitcoin
22/02/2021,57669.30353,bitcoin
23/02/2021,54410.85629,bitcoin
24/02/2021,48691.89483,bitcoin
25/02/2021,49849.37871,bitcoin
26/02/2021,46992.66545,bitcoin
27/02/2021,46551.48748,bitcoin
28/02/2021,46653.5264,bitcoin
1/03/2021,44970.16346,bitcoin
2/03/2021,49787.33996,bitcoin
3/03/2021,48532.23679,bitcoin
4/03/2021,50577.45747,bitcoin
5/03/2021,48727.4512,bitcoin
6/03/2021,49091.81488,bitcoin
7/03/2021,49019.36859,bitcoin
8/03/2021,51313.09262,bitcoin
9/03/2021,52328.53591,bitcoin
10/03/2021,54700.27344,bitcoin
11/03/2021,56020.48772,bitcoin
12/03/2021,57788.8681,bitcoin
13/03/2021,57353.86147,bitcoin
14/03/2021,61315.19793,bitcoin
15/03/2021,59428.96757,bitcoin
16/03/2021,55805.32925,bitcoin
17/03/2021,56830.25334,bitcoin
18/03/2021,59014.92563,bitcoin
19/03/2021,57922.40959,bitcoin
20/03/2021,58243.27061,bitcoin
21/03/2021,58376.15847,bitcoin
22/03/2021,57573.53934,bitcoin
23/03/2021,54370.13756,bitcoin
24/03/2021,54584.86995,bitcoin
25/03/2021,52526.8666,bitcoin
26/03/2021,51416.9083,bitcoin
27/03/2021,55033.10048,bitcoin
28/03/2021,55832.41811,bitcoin
29/03/2021,55728.10133,bitcoin
30/03/2021,57634.92869,bitcoin
31/03/2021,58668.62834,bitcoin
1/04/2021,58817.37389,bitcoin
2/04/2021,58801.19484,bitcoin
3/04/2021,59060.02678,bitcoin
4/04/2021,57060.40665,bitcoin
5/04/2021,58228.80262,bitcoin
6/04/2021,58706.81559,bitcoin
7/04/2021,58062.17872,bitcoin
8/04/2021,56134.41739,bitcoin
9/04/2021,58065.64402,bitcoin
10/04/2021,58152.99326,bitcoin
11/04/2021,59979.39282,bitcoin
12/04/2021,59988.02096,bitcoin
13/04/2021,59911.02059,bitcoin
14/04/2021,63576.67604,bitcoin
15/04/2021,62807.12323,bitcoin
16/04/2021,63179.77245,bitcoin
17/04/2021,61497.29957,bitcoin
18/04/2021,60273.86668,bitcoin
19/04/2021,56288.94534,bitcoin
20/04/2021,55721.16605,bitcoin
21/04/2021,56294.72856,bitcoin
22/04/2021,54190.07026,bitcoin
23/04/2021,51965.56643,bitcoin
24/04/2021,51191.1247,bitcoin
25/04/2021,50133.1074,bitcoin
26/04/2021,48981.44139,bitcoin
27/04/2021,53978.80555,bitcoin
28/04/2021,54991.81484,bitcoin
29/04/2021,54810.61385,bitcoin
30/04/2021,53596.70402,bitcoin
1/05/2021,57828.51181,bitcoin
2/05/2021,57812.96916,bitcoin
3/05/2021,56600.74529,bitcoin
4/05/2021,57200.3003,bitcoin
5/05/2021,53464.37022,bitcoin
6/05/2021,57432.10023,bitcoin
7/05/2021,56507.75944,bitcoin
8/05/2021,57361.56904,bitcoin
9/05/2021,58771.88169,bitcoin
10/05/2021,58213.92629,bitcoin
11/05/2021,55901.66759,bitcoin
12/05/2021,56928.97236,bitcoin
13/05/2021,50004.76218,bitcoin
14/05/2021,49972.7954,bitcoin
15/05/2021,49913.26314,bitcoin
16/05/2021,46780.9023,bitcoin
17/05/2021,46585.06414,bitcoin
18/05/2021,43780.8256,bitcoin
19/05/2021,43091.04145,bitcoin
20/05/2021,37287.3914,bitcoin
21/05/2021,40437.7301,bitcoin
22/05/2021,37339.6342,bitcoin
23/05/2021,37520.31768,bitcoin
24/05/2021,34977.5278,bitcoin
25/05/2021,38642.4423,bitcoin
26/05/2021,38210.80522,bitcoin
27/05/2021,39406.93424,bitcoin
28/05/2021,38642.89555,bitcoin
29/05/2021,35710.22094,bitcoin
30/05/2021,34775.07941,bitcoin
31/05/2021,35714.75202,bitcoin
1/06/2021,37340.67927,bitcoin
2/06/2021,36680.0682,bitcoin
3/06/2021,37685.71798,bitcoin
4/06/2021,39151.31618,bitcoin
5/06/2021,36938.72031,bitcoin
6/06/2021,35546.98596,bitcoin
7/06/2021,35834.47447,bitcoin
8/06/2021,33451.38341,bitcoin
9/06/2021,33557.15068,bitcoin
10/06/2021,37553.64376,bitcoin
11/06/2021,36903.30491,bitcoin
12/06/2021,37289.43252,bitcoin
13/06/2021,35666.14978,bitcoin
14/06/2021,39147.70568,bitcoin
15/06/2021,40624.51305,bitcoin
16/06/2021,40378.20255,bitcoin
17/06/2021,38321.45466,bitcoin
18/06/2021,38193.61914,bitcoin
19/06/2021,35881.11137,bitcoin
20/06/2021,35581.64227,bitcoin
21/06/2021,35787.07741,bitcoin
22/06/2021,31711.93547,bitcoin
23/06/2021,32507.73871,bitcoin
24/06/2021,33702.61779,bitcoin
25/06/2021,34675.44911,bitcoin
26/06/2021,31943.13647,bitcoin
27/06/2021,32023.9739,bitcoin
28/06/2021,34607.29327,bitcoin
29/06/2021,34556.84213,bitcoin
30/06/2021,35968.99367,bitcoin
1/07/2021,35171.4863,bitcoin
2/07/2021,33677.56624,bitcoin
3/07/2021,33950.78656,bitcoin
4/07/2021,34729.89078,bitcoin
5/07/2021,35394.21307,bitcoin
6/07/2021,33928.13422,bitcoin
7/07/2021,34149.98981,bitcoin
8/07/2021,33932.25464,bitcoin
9/07/2021,32933.5782,bitcoin
10/07/2021,33971.29775,bitcoin
11/07/2021,33704.53847,bitcoin
12/07/2021,34299.93802,bitcoin
13/07/2021,33262.65435,bitcoin
14/07/2021,32676.3838,bitcoin
15/07/2021,32878.50187,bitcoin
16/07/2021,31726.03883,bitcoin
17/07/2021,31399.65313,bitcoin
18/07/2021,31588.67135,bitcoin
19/07/2021,31919.39392,bitcoin
20/07/2021,30928.21191,bitcoin
21/07/2021,29971.90378,bitcoin
22/07/2021,32383.78113,bitcoin
23/07/2021,32409.49977,bitcoin
24/07/2021,33455.55127,bitcoin
25/07/2021,34213.59993,bitcoin
26/07/2021,35456.12466,bitcoin
27/07/2021,37281.91809,bitcoin
28/07/2021,39076.59377,bitcoin
29/07/2021,40031.19824,bitcoin
30/07/2021,39977.75694,bitcoin
31/07/2021,41936.26148,bitcoin
1/08/2021,41754.1666,bitcoin
2/08/2021,39914.82976,bitcoin
3/08/2021,39278.76651,bitcoin
4/08/2021,38368.35401,bitcoin
5/08/2021,39751.58458,bitcoin
6/08/2021,40825.38194,bitcoin
7/08/2021,42802.13717,bitcoin
8/08/2021,44647.5776,bitcoin
9/08/2021,43753.21786,bitcoin
10/08/2021,46311.0019,bitcoin
11/08/2021,45639.51402,bitcoin
12/08/2021,45652.06013,bitcoin
13/08/2021,44495.20979,bitcoin
14/08/2021,47717.27053,bitcoin
15/08/2021,47088.85313,bitcoin
16/08/2021,47025.00323,bitcoin
17/08/2021,46031.75754,bitcoin
18/08/2021,44534.45485,bitcoin
19/08/2021,45015.46555,bitcoin
20/08/2021,46745.03462,bitcoin
21/08/2021,49195.8786,bitcoin
22/08/2021,48933.68915,bitcoin
23/08/2021,49250.54487,bitcoin
24/08/2021,49518.57749,bitcoin
25/08/2021,47940.60791,bitcoin
26/08/2021,49002.70377,bitcoin
27/08/2021,47229.07065,bitcoin
28/08/2021,49083.10331,bitcoin
29/08/2021,48936.53725,bitcoin
30/08/2021,48907.27073,bitcoin
31/08/2021,47124.25422,bitcoin
1/09/2021,47335.4203,bitcoin
2/09/2021,48823.05521,bitcoin
3/09/2021,49338.78465,bitcoin
4/09/2021,49934.52828,bitcoin
5/09/2021,50013.02995,bitcoin
6/09/2021,51696.20643,bitcoin
7/09/2021,52739.80017,bitcoin
8/09/2021,46995.16417,bitcoin
9/09/2021,46085.02862,bitcoin
10/09/2021,46518.94119,bitcoin
11/09/2021,44802.6064,bitcoin
12/09/2021,45196.48828,bitcoin
13/09/2021,46195.2183,bitcoin
14/09/2021,45139.83397,bitcoin
15/09/2021,47135.432,bitcoin
16/09/2021,48186.53276,bitcoin
17/09/2021,47879.47344,bitcoin
18/09/2021,47228.65822,bitcoin
19/09/2021,48266.62707,bitcoin
20/09/2021,47371.03933,bitcoin
21/09/2021,42932.9466,bitcoin
22/09/2021,40386.62364,bitcoin
23/09/2021,43587.22305,bitcoin
24/09/2021,44980.89821,bitcoin
25/09/2021,42752.16815,bitcoin
26/09/2021,42856.85516,bitcoin
27/09/2021,43336.86123,bitcoin
28/09/2021,42247.35573,bitcoin
29/09/2021,41010.3752,bitcoin
30/09/2021,41587.66786,bitcoin
1/10/2021,43859.32615,bitcoin
2/10/2021,48181.87627,bitcoin
3/10/2021,47777.76202,bitcoin
4/10/2021,48282.97114,bitcoin
5/10/2021,49260.23232,bitcoin
6/10/2021,51668.99422,bitcoin
7/10/2021,55415.00574,bitcoin
8/10/2021,53894.59599,bitcoin
9/10/2021,54010.93747,bitcoin
10/10/2021,55125.46034,bitcoin
11/10/2021,54711.8696,bitcoin
12/10/2021,57572.51086,bitcoin
13/10/2021,56335.03546,bitcoin
14/10/2021,57487.98588,bitcoin
15/10/2021,57452.43179,bitcoin
16/10/2021,61809.02394,bitcoin
17/10/2021,61165.63564,bitcoin
18/10/2021,61583.77444,bitcoin
19/10/2021,62017.97273,bitcoin
20/10/2021,64517.64856,bitcoin
21/10/2021,66237.51755,bitcoin
22/10/2021,62541.08693,bitcoin
23/10/2021,61029.27093,bitcoin
24/10/2021,61572.14043,bitcoin
25/10/2021,61173.16639,bitcoin
26/10/2021,63228.21383,bitcoin
27/10/2021,60604.18889,bitcoin
28/10/2021,58641.00147,bitcoin
29/10/2021,60767.55585,bitcoin
30/10/2021,62283.19806,bitcoin
31/10/2021,61837.257,bitcoin
1/11/2021,61471.86846,bitcoin
2/11/2021,61121.8312,bitcoin
3/11/2021,63247.20896,bitcoin
4/11/2021,63130.94235,bitcoin
5/11/2021,61601.74357,bitcoin
6/11/2021,61247.38494,bitcoin
7/11/2021,61661.35866,bitcoin
8/11/2021,63153.23019,bitcoin
9/11/2021,67617.01554,bitcoin
10/11/2021,67145.37494,bitcoin
11/11/2021,65061.05441,bitcoin
12/11/2021,65005.64516,bitcoin
13/11/2021,64432.04795,bitcoin
14/11/2021,64660.33535,bitcoin
15/11/2021,65648.97779,bitcoin
16/11/2021,63933.83544,bitcoin
17/11/2021,60448.56251,bitcoin
18/11/2021,60603.65587,bitcoin
19/11/2021,56987.32234,bitcoin
20/11/2021,58459.25552,bitcoin
21/11/2021,60082.91167,bitcoin
22/11/2021,59139.77928,bitcoin
23/11/2021,56386.85685,bitcoin
24/11/2021,57748.79317,bitcoin
25/11/2021,57198.18385,bitcoin
26/11/2021,58897.84698,bitcoin
27/11/2021,53827.79287,bitcoin
28/11/2021,54533.40388,bitcoin
29/11/2021,57237.66114,bitcoin
30/11/2021,57848.77354,bitcoin
1/12/2021,57011.28047,bitcoin
2/12/2021,57169.37199,bitcoin
3/12/2021,56508.26805,bitcoin
4/12/2021,53785.96717,bitcoin
5/12/2021,49161.99071,bitcoin
6/12/2021,49268.46989,bitcoin
7/12/2021,50461.57684,bitcoin
8/12/2021,50647.66341,bitcoin
9/12/2021,50530.45806,bitcoin
10/12/2021,47885.87199,bitcoin
11/12/2021,47303.56415,bitcoin
12/12/2021,49242.30232,bitcoin
13/12/2021,50051.07835,bitcoin
14/12/2021,46696.3047,bitcoin
15/12/2021,48410.56466,bitcoin
16/12/2021,48936.86258,bitcoin
17/12/2021,47694.5305,bitcoin
18/12/2021,46328.69637,bitcoin
19/12/2021,46970.05705,bitcoin
20/12/2021,46807.04862,bitcoin
21/12/2021,47117.0082,bitcoin
22/12/2021,49145.21726,bitcoin
23/12/2021,48755.89564,bitcoin
24/12/2021,50900.61495,bitcoin
25/12/2021,50888.72104,bitcoin
26/12/2021,50663.4871,bitcoin
27/12/2021,50852.86026,bitcoin
28/12/2021,50774.06781,bitcoin
29/12/2021,47725.14805,bitcoin
30/12/2021,46506.99465,bitcoin
31/12/2021,47191.86839,bitcoin
1/01/2022,46319.65109,bitcoin
2/01/2022,47816.07768,bitcoin
3/01/2022,47387.21217,bitcoin
4/01/2022,46531.14086,bitcoin
5/01/2022,45938.02427,bitcoin
6/01/2022,43647.14751,bitcoin
7/01/2022,43216.45868,bitcoin
8/01/2022,41527.19704,bitcoin
9/01/2022,41756.66232,bitcoin
10/01/2022,41862.36099,bitcoin
11/01/2022,41869.85906,bitcoin
12/01/2022,42777.21102,bitcoin
13/01/2022,43981.87733,bitcoin
14/01/2022,42608.41001,bitcoin
15/01/2022,43120.85451,bitcoin
16/01/2022,43226.65027,bitcoin
17/01/2022,43119.79214,bitcoin
18/01/2022,42298.34112,bitcoin
19/01/2022,42395.45879,bitcoin
20/01/2022,41749.55143,bitcoin
21/01/2022,40707.68241,bitcoin
22/01/2022,36508.79979,bitcoin
23/01/2022,35180.43546,bitcoin
,,
,,
,,
,,
,,
,,
,,
,,
,,
,,
